ID,Type,SKU,Name,Published,Is featured?,Visibility in catalog,Short Description,Description,Date sale price starts,Date sale price ends,Tax status,Tax class,In stock?,Stock,Low stock amount,Backorders allowed?,Sold individually?,Weight (g),Length (cm),Width (cm),Height (cm),Allow customer reviews?,Purchase note,Sale price,Regular price,Categories,Tag,Shipping class,Image,Cross-sells,External URL,Button text,Position,Brand,product_barcode,item_group,item_subgroup,shipping_operation,NSW,WA,VIC,TAS,NT,QLD,ACT,SA,Price Range1,Price Range3,Price Range4,Price Range5,Price Range6,Price Range7,Price Range8,Price Range9,Price Range10
,simple,AB0402,Wall Mounted Triple Cereal Dispenser Dry Food Storage Container Dispense Machine,Yes,Yes,visible,,"<b>DESCRIPTION</b><p>Our newly designed and high quality home kitchen wall mounted Triple Cereal Dispenser prevents cereal or other dry foods from going stale. Kids will find it fun turning the knob and watching the cereal fall perfectly into their bowl while moms can be assured that kids will not be spilling cereal all over the kitchen. The dispenser is&nbsp;hermetically sealed which preserves the freshness of dry food. Simply place a bowl under the dispenser and twist a knob to get a controlled portion. The simple, elegant design features one clear, see through, high quality plastic container which holds one box of cereal. Very easy to clean and fit on most countertops. Now your kids can enjoy the cereal and dry food in style.</p><b>SPECIFICATIONS</b><ul>
<li>Material: PS, ABS, TPR</li>
<li>Triple Cereal Dispenser: Height 30 cm X Width 40cm/15.7&rdquo;x11.8&rdquo;</li>
<li>Wall mount fixings: Height 9 cm X Width 40cm/15.7&rdquo;x3.5&rdquo;</li>
<li>Pack also includes wall mount fixings for Wall Mount Dispenser with 3 Screws</li>
<li>Total Container capacity: 4.5L/153oz</li>
<li>Weight: 1.68kgs/3.7lbs</li>
</ul><b>PACKAGE CONTENT</b><ul>
<li>1x Triple Cereal Dispencer</li>
</ul>",12/17/2019,,taxable,None,0,10,5,,1,1600,41.5,15.5,33,1,,44.99,89,"Default Category/All Products,Default Category/Home & Garden,Default Category/Home & Garden/Kitchen,Default Category/Accessories/Dining",,,"https://www.idropship.com.au/pub/media/catalog/product/i/d/idropship01_1217.jpg,https://www.idropship.com.au/pub/media/catalog/product/i/d/idropship02_1111.jpg,https://www.idropship.com.au/pub/media/catalog/product/i/d/idropship03_1093.jpg,https://www.idropship.com.au/pub/media/catalog/product/i/d/idropship04_1115.jpg,https://www.idropship.com.au/pub/media/catalog/product/i/d/idropship05_1114.jpg,https://www.idropship.com.au/pub/media/catalog/product/i/d/idropship06_1057.jpg,https://www.idropship.com.au/pub/media/catalog/product/L/i/Lifestyle1_594.jpg,https://www.idropship.com.au/pub/media/catalog/product/L/i/Lifestyle_899.jpg",,,,,Unbranded,9.36E+12,Kitchen Supplies,Cereal Dispenser,0,0,0,0,0,0,0,0,0,,,,,,,,,
,simple,AC207,Huntkey 2 Outlet Surge Protected Powerboard with Dual USB Charging Ports,Yes,Yes,visible,,"<b>DESCRIPTION</b><ul>
<li>Huntkey's expertise in power is now at home in your lounge room or office with their SAC series of powerboards!</li>
<li>The Huntkey 2 Socket Wall Charger with 2 USB Charging Ports is an ideal solution for charging multiple devices such&nbsp;as martphones, tablets, mobile devices and many more.</li>
<li>The design on the charger allows the users to save the space on the power outlets at home, giving them more power outlets for other appliances at home.</li>
</ul><b>SPECIFICATIONS</b><ul>
<li>of 2 Outlets:</li>
</ul>
<p><br /> Type: Wall Charger (Power Adapter)<br /> Ports: 2x USB nad 2x Australian Socket<br /> Plug: Australia / NZ<br /> Input: 100-240V, 50/60Hz<br /> USB Output: 5V, 2.4A Total Output<br /> Product Dimension (in cm): 12.45 (L) x 7.2 (W) x 2.90 (H) cm<br /> Product Weight (in gram): 95 g</p><b>PACKAGE CONTENT</b><ul>
<li>1x Huntkey 2 Way Surge Protector Power Board</li>
</ul>",12/17/2019,,taxable,None,0,10,5,,1,200,4,4,4,1,,17.09,49,Default Category/All Products,,,"https://www.idropship.com.au/pub/media/catalog/product/a/c/ac207_main_1.jpg,https://www.idropship.com.au/pub/media/catalog/product/a/c/ac207_1_.jpg,https://www.idropship.com.au/pub/media/catalog/product/a/c/ac207_3_.jpg",,,,,Huntkey,9.36E+12,Entertainment & Elec,Power Board,0,0,0,0,0,0,0,0,0,,,,,,,,,
,simple,AF1001,2 Rolls Vacuum Food Sealer Seal Bags Rolls Saver Storage Commercial Grade 22cm,Yes,Yes,visible,,"<b>DESCRIPTION</b><ul>
<li>Extra heavy duty-190 microns thick</li>
<li>Constructed of a multi-layer poly nylon to block moisture and oxygen</li>
<li>Non-embossed front panel for optimum clarity</li>
<li>Embossed back panel for maximum oxygen removel</li>
<li>Long term freezer safe</li>
<li>Microwave safe for reheating in the pack</li>
<li>Suitable for all domestic vacuum sealers</li>
<li>Safe to place in boiling wter</li>
<li>Free of BPA</li>
</ul><b>SPECIFICATIONS</b><ul>
<li>Material: PE & Nylon</li>
<li>Roll size: 6mx22cm</li>
</ul><b>PACKAGE CONTENT</b><ul>
<li>2 Rolls 6mx22cm</li>
</ul>",12/17/2019,,taxable,None,0,10,5,,1,400,22,12.5,6,1,,16.06,39,"Default Category/All Products,Default Category/Home & Garden,Default Category/Home & Garden/Kitchen,Default Category/Accessories/Dining",,,"https://www.idropship.com.au/pub/media/catalog/product/i/d/idropship01_1218.jpg,https://www.idropship.com.au/pub/media/catalog/product/i/d/idropship02_1112.jpg,https://www.idropship.com.au/pub/media/catalog/product/i/d/idropship03_1094.jpg,https://www.idropship.com.au/pub/media/catalog/product/i/d/idropship04_1116.jpg,https://www.idropship.com.au/pub/media/catalog/product/i/d/idropship05_1115.jpg,https://www.idropship.com.au/pub/media/catalog/product/i/d/idropship06_1058.jpg,https://www.idropship.com.au/pub/media/catalog/product/L/i/Lifestyle1_703.jpg,https://www.idropship.com.au/pub/media/catalog/product/L/i/Lifestyle_1089.jpg",,,,,Unbranded,9.36E+12,Kitchen Supplies,Food Vacuum Sealer Bag,0,0,0,0,0,0,0,0,0,,,,,,,,,
,simple,BF1008-D-BG,Levede Bed Frame Base With Gas Lift Double Size Platform Fabric,Yes,Yes,visible,,"<b>DESCRIPTION</b><ul>
<li>Strong and sturdy gas lift storage functionality Storage capacity</li>
<li>30cm (from ground to top of the side board including feet)</li>
<li>Modern Scandinavian inspired designer headboard</li>
<li>High grade construction materials utilised Item is flat pack for home assembly</li>
</ul><b>SPECIFICATIONS</b><ul>
<li>Material:Wood+Fabric</li>
<li>Colour: Beige</li>
<li>Double: 200x146x90cm</li>
</ul><b>PACKAGE CONTENT</b><ul>
<li>1x Gas Lift Storage Bed Frame</li>
</ul>",2/4/2020,,taxable,Taxable Goods,1,10,5,,1,52000,195,96,30,1,,296.99,749,"Default Category/All Products,Default Category/Home & Garden,Default Category/Furniture,Default Category/Furniture/Bed Frames & Head Boards",,,"https://www.idropship.com.au/pub/media/catalog/product/b/f/bf1008-bg_664__10.jpg,https://www.idropship.com.au/pub/media/catalog/product/b/f/bf1008-d-bg_107__1.jpg,https://www.idropship.com.au/pub/media/catalog/product/b/f/bf1004-d-wh_438__4.jpg,https://www.idropship.com.au/pub/media/catalog/product/b/f/bf1004-d-wh_259__6.jpg,https://www.idropship.com.au/pub/media/catalog/product/b/f/bf1008-bg_141__4.jpg,https://www.idropship.com.au/pub/media/catalog/product/b/f/bf1008-bg_261__5.jpg,https://www.idropship.com.au/pub/media/catalog/product/b/f/bf1008-bg_728__7.jpg,https://www.idropship.com.au/pub/media/catalog/product/b/f/bf1008-bg_956__8.jpg,https://www.idropship.com.au/pub/media/catalog/product/b/f/bf1008-bg_653__9.jpg",,,,,Levede,9.36E+12,Bedroom,Gas Lift Bed Frame,0,0,0,0,0,0,0,0,0,,,,,,,,,
,simple,BF1012-K,Levede Bed Frame Double King Fabric With Drawers Storage Wooden Mattress Grey,Yes,Yes,visible,,"<b>DESCRIPTION</b><p>If you're looking to for an attractive bed keep your space clutter-free, our&nbsp;fabric bed with storage drawers is the perfect choice for you.&nbsp;The frame is constructed with a sturdy wood frame that's wrapped with cotton and linen&nbsp;fabric&nbsp;will look stunning in any bedroom in your home. Not only does it provide a stylish place to sleep, but the storage drawers will help you keep your space clutter-free.</p>
<p><strong>Key </strong><strong>Features:</strong></p>
<ul>
<li>Elegant upholstery</li>
<li>Premium fabric</li>
<li>Solid wood frame</li>
<li>Premium fabric headboard</li>
<li>High density foam</li>
<li>Deluxe drawer</li>
<li>Reinforced slat base</li>
<li>Study and durable legs</li>
<li>Floor protector</li>
<li>Ventilated frame</li>
<li>Precision stitching</li>
<li>Trustworthy and reliable use</li>
<li>Note: Unzipped the headboard for bedframe slats.</li>
</ul><b>SPECIFICATION</b><p>Brand?Levede</p>
<p>Material: Cotton and linen fabric</p>
<p>Filling: Foam and polyester</p>
<p>Slats:&nbsp;Aspen wood</p>
<p>Drawer dimension: 54cm x 54.5cm x 13cm</p>
<p>Dimension (L x W x H):</p>
<p>King: 215.5cm x 192cm x 104cm</p>
<p>Colour:&nbsp;Grey</p><b>PACKAGE CONTENTS</b><ul>
<li>1x Bed Frame</li>
<li>1x User Manual</li>
<li>Installation Accessories</li>
</ul>",2/4/2020,,taxable,Taxable Goods,0,10,5,,1,62300,211,117.5,28,1,,350.03,599,Default Category/All Products,,,"https://www.idropship.com.au/pub/media/catalog/product/b/f/bf1012-k_main.jpg,https://www.idropship.com.au/pub/media/catalog/product/b/f/bf1012_675__2.jpg,https://www.idropship.com.au/pub/media/catalog/product/b/f/bf1012_070__3.jpg,https://www.idropship.com.au/pub/media/catalog/product/b/f/bf1012_562__4.jpg,https://www.idropship.com.au/pub/media/catalog/product/b/f/bf1012_741__5.jpg,https://www.idropship.com.au/pub/media/catalog/product/b/f/bf1012_027__6.jpg,https://www.idropship.com.au/pub/media/catalog/product/b/f/bf1012_873__7.jpg,https://www.idropship.com.au/pub/media/catalog/product/b/f/bf1012_532__8.jpg,https://www.idropship.com.au/pub/media/catalog/product/b/f/bf1012_183__9.jpg,https://www.idropship.com.au/pub/media/catalog/product/b/f/bf1012_833__10.jpg,https://www.idropship.com.au/pub/media/catalog/product/b/f/bf1012202b2b-2b2028129.jpg,https://www.idropship.com.au/pub/media/catalog/product/b/f/bf1012202b2b-2b2028229.jpg,https://www.idropship.com.au/pub/media/catalog/product/b/f/bf1012202b2b-2b20281729.jpg,https://www.idropship.com.au/pub/media/catalog/product/b/f/bf1012202b2b-2b20281829.jpg",,,,,Levede,9.36E+12,Bedroom,Wooden Bed Frame,0,0,0,0,0,0,0,0,0,,,,,,,,,
,simple,BF1012-K-BE,Levede Bed Frame King Fabric With Drawers Storage Beige,Yes,Yes,visible,,"<b>DESCRIPTION</b><p>If you're looking to for an attractive bed keep your space clutter-free, our&nbsp;fabric bed with storage drawers is the perfect choice for you.&nbsp;The frame is constructed with a sturdy wood frame that's wrapped with cotton and linen&nbsp;fabric&nbsp;will look stunning in any bedroom in your home. Not only does it provide a stylish place to sleep, but the storage drawers will help you keep your space clutter-free.</p>
<p><strong>Key </strong><strong>Features:</strong></p>
<ul>
<li>Elegant upholstery</li>
<li>Premium fabric</li>
<li>Solid wood frame</li>
<li>Premium fabric headboard</li>
<li>High density foam</li>
<li>Deluxe drawer</li>
<li>Reinforced slat base</li>
<li>Study and durable legs</li>
<li>Floor protector</li>
<li>Ventilated frame</li>
<li>Precision stitching</li>
<li>Trustworthy and reliable use</li>
<li>Note: Unzipped the headboard for bedframe slats.</li>
</ul><b>SPECIFICATION</b><p>Brand?Levede</p>
<p>Material: Cotton and linen fabric</p>
<p>Filling: Foam and polyester</p>
<p>Slats:&nbsp;Aspen wood</p>
<p>Drawer dimension: 54cm x 54.5cm x 13cm</p>
<p>Dimension (L x W x H):</p>
<p>King: 215.5cm x 192cm x 104cm</p>
<p>Colour:&nbsp;Beige</p><b>PACKAGE CONTENTS</b><ul>
<li>1x Bed Frame</li>
<li>1x User Manual</li>
<li>Installation Accessories</li>
</ul>",2/4/2020,,taxable,Taxable Goods,1,10,5,,1,45280,195.5,104,22,1,,422.99,599,"Default Category/All Products,Default Category/Home & Garden,Default Category/Furniture,Default Category/Furniture/Bed Frames & Head Boards",,,"https://www.idropship.com.au/pub/media/catalog/product/i/d/idropship01_1979.jpg,https://www.idropship.com.au/pub/media/catalog/product/i/d/idropship02_1864.jpg,https://www.idropship.com.au/pub/media/catalog/product/i/d/idropship03_1833.jpg,https://www.idropship.com.au/pub/media/catalog/product/i/d/idropship04_1874.jpg,https://www.idropship.com.au/pub/media/catalog/product/i/d/idropship05_1872.jpg,https://www.idropship.com.au/pub/media/catalog/product/i/d/idropship06_1790.jpg,https://www.idropship.com.au/pub/media/catalog/product/L/i/Lifestyle2_95.jpg,https://www.idropship.com.au/pub/media/catalog/product/L/i/Lifestyle_1828.jpg",,,,,Levede,9.36E+12,Bedroom,Bed Frame,0,0,0,0,0,0,0,0,0,0,0,0,0,0,0,0,0,0
,simple,BF1012-Q,Levede Bed Frame Double King Fabric With Drawers Storage Wooden Mattress Grey,Yes,Yes,visible,,"<b>DESCRIPTION</b><p>If you're looking to for an attractive bed keep your space clutter-free, our&nbsp;fabric bed with Storage Drawers is the perfect choice for you.&nbsp;The frame is constructed with a sturdy wood frame that's wrapped with cotton and linen&nbsp;fabric&nbsp;will look stunning in any bedroom in your home. Not only does it provide a stylish place to sleep, but the storage drawers will help you keep your space clutter-free.</p>
<p>&nbsp;</p>
<ul>
<li>Wooden arched slat base</li>
<li>Strong centre support strut</li>
<li>Premium linen fabric</li>
<li>Breathable fabric headboard</li>
<li>Four large storage drawers with wheels</li>
<li>Comes with Floor protectors</li>
</ul><b>SPECIFICATIONS</b><ul>
<li>Material: Cotton and Linen Fabric+MDF</li>
<li>Product Size:&nbsp; &nbsp;</li>
<li>Queen: 220(L)x165(W)x106(H)cm</li>
<li>Mattress Size :</li>
<li>Accommodates Queen Size 153cm &times; 203cm - Not Included</li>
</ul><b>PACKAGE CONTENT</b><ul>
<li>1 x Bed Frame</li>
<li>1 x use manual</li>
<li>Some installation accessories</li>
</ul>",2/4/2020,,taxable,Taxable Goods,0,10,5,,1,53000,210,117,28,1,,323.09,551,Default Category/All Products,,,"https://www.idropship.com.au/pub/media/catalog/product/b/f/bfq_main.jpg,https://www.idropship.com.au/pub/media/catalog/product/b/f/bf1012-q.jpg,https://www.idropship.com.au/pub/media/catalog/product/b/f/bf1012202b2b-2b2028229_1.jpg,https://www.idropship.com.au/pub/media/catalog/product/b/f/bf1012202b2b-2b2028129_1.jpg,https://www.idropship.com.au/pub/media/catalog/product/b/f/bf1012202b2b-2b2028329_1.jpg,https://www.idropship.com.au/pub/media/catalog/product/b/f/bf1012202b2b-2b2028429_1.jpg,https://www.idropship.com.au/pub/media/catalog/product/b/f/bf1012202b2b-2b2028529.jpg,https://www.idropship.com.au/pub/media/catalog/product/b/f/bf1012202b2b-2b2028929.jpg,https://www.idropship.com.au/pub/media/catalog/product/b/f/bf1012202b2b-2b20281029.jpg,https://www.idropship.com.au/pub/media/catalog/product/b/f/bf1012202b2b-2b20281129.jpg,https://www.idropship.com.au/pub/media/catalog/product/b/f/bf1012202b2b-2b20281229.jpg,https://www.idropship.com.au/pub/media/catalog/product/b/f/bf1012202b2b-2b20281729_1.jpg",,,,,Levede,9.36E+12,Bedroom,Bed Frame,0,0,0,0,0,0,0,0,0,,,,,,,,,
,simple,BF1012-Q-BE,Levede Bed Frame  Queen Fabric With Drawers Storage Wooden Mattress Beige,Yes,Yes,visible,,"<b>DESCRIPTION</b><p>If you're looking to for an attractive bed keep your space clutter-free, our&nbsp;fabric bed with storage drawers is the perfect choice for you.&nbsp;The frame is constructed with a sturdy wood frame that's wrapped with cotton and linen&nbsp;fabric&nbsp;will look stunning in any bedroom in your home. Not only does it provide a stylish place to sleep, but the storage drawers will help you keep your space clutter-free.</p>
<p><strong>Key </strong><strong>Features:</strong></p>
<ul>
<li>Elegant upholstery</li>
<li>Premium fabric</li>
<li>Solid wood frame</li>
<li>Premium fabric headboard</li>
<li>High density foam</li>
<li>Deluxe drawer</li>
<li>Reinforced slat base</li>
<li>Study and durable legs</li>
<li>Floor protector</li>
<li>Ventilated frame</li>
<li>Precision stitching</li>
<li>Trustworthy and reliable use</li>
<li>Note: Unzipped the headboard for bedframe slats.</li>
</ul><b>SPECIFICATION</b><p>Brand?Levede</p>
<p>Material: Cotton and linen fabric</p>
<p>Filling: Foam and polyester</p>
<p>Slats:&nbsp;Aspen wood</p>
<p>Drawer dimension: 54cm x 54.5cm x 13cm</p>
<p>Dimension (L x W x H):</p>
<p>Queen: 215.5cm x 162cm x 104cm</p>
<p>Colour: Beige</p><b>PACKAGE CONTENTS</b><ul>
<li>1x Bed Frame</li>
<li>1x User Manual</li>
<li>Installation Accessories</li>
</ul>",2/4/2020,,taxable,Taxable Goods,0,10,5,,1,56000,210,116,29,1,,359.99,551,Default Category/All Products,,,"https://www.idropship.com.au/pub/media/catalog/product/i/d/idropship01_1982.jpg,https://www.idropship.com.au/pub/media/catalog/product/i/d/idropship02_1867.jpg,https://www.idropship.com.au/pub/media/catalog/product/i/d/idropship03_1836.jpg,https://www.idropship.com.au/pub/media/catalog/product/i/d/idropship04_1877.jpg,https://www.idropship.com.au/pub/media/catalog/product/i/d/idropship05_1875.jpg,https://www.idropship.com.au/pub/media/catalog/product/i/d/idropship06_1793.jpg,https://www.idropship.com.au/pub/media/catalog/product/L/i/Lifestyle2_98.jpg,https://www.idropship.com.au/pub/media/catalog/product/L/i/Lifestyle_1831.jpg",,,,,Levede,9.36E+12,Bedroom,Bed Frame,0,0,0,0,0,0,0,0,0,,,,,,,,,
,simple,CC1010-AB,Levede 2 in 1 Bathroom Tallboy Furniture Toilet Storage Cabinet Laundry Cupboard,Yes,Yes,visible,,"<b>DESCRIPTION</b><p>Made of durable MDF Board that have low formaldehyde level, which is non-harmful to the users.</p>
<p>Making you an environmentally responsible consumer in a way.&nbsp;When you have limited space to use, this wall cabinet is the ideal solution to have to utilise your bathroom.</p>
<p>Making sure you have the storage for every little things you have to get yourself ready for the day! Get both in one go.</p>
<ul>
<li>Key feaures include:</li>
<li>Space saving design</li>
<li>Contemporary and stylish</li>
<li>Durable and practical</li>
<li>Eco-friendly and non-irritating</li>
<li>Solid MDF construction</li>
<li>Magnetic door shut</li>
<li>Easy to assemble</li>
</ul><b>SPECIFICATIONS</b><ul>
<li>Material: MDF </li>
<li>Overall dimensions:40(L)X30(W)X170(H)cm/15.7&rdquo;x11.8&rdquo;x66.9&rdquo;</li>
<li>Color: White</li>
</ul><b>PACKAGE CONTENT</b><ul>
<li>1x Bathroom Storage Cabinet</li>
</ul>",,,taxable,Taxable Goods,0,10,5,,1,15600,105,69.5,45,1,,134.99,299,"Default Category/All Products,Default Category/Home & Garden,Default Category/Furniture,Default Category/Furniture/Cabinets & Cupboards",,,"https://www.idropship.com.au/pub/media/catalog/product/i/d/idropship01_2325.jpg,https://www.idropship.com.au/pub/media/catalog/product/i/d/idropship02_2210.jpg,https://www.idropship.com.au/pub/media/catalog/product/i/d/idropship03_2167.jpg,https://www.idropship.com.au/pub/media/catalog/product/i/d/idropship04_2219.jpg,https://www.idropship.com.au/pub/media/catalog/product/i/d/idropship05_2218.jpg,https://www.idropship.com.au/pub/media/catalog/product/i/d/idropship06_2135.jpg,https://www.idropship.com.au/pub/media/catalog/product/L/i/Lifestyle1_1314.jpg,https://www.idropship.com.au/pub/media/catalog/product/L/i/Lifestyle_2168.jpg",,,,,Levede,9.36E+12,Bathroom,Bathroom Storage Cabinet,0,0,0,0,0,0,0,0,0,,,,,,,,,
,simple,CH1007-4-WH,Levede 4x Retro Replica PU Leather Dining Chair Office Cafe Lounge Chairs,Yes,Yes,visible,,"<b>DESCRIPTION</b><p>Add a touch of designer status to your dining area with our iconic set of Eames Replica Eiffel dining chairs.</p>
<p>Ever since these much discoursed dining chairs made their eminent debut in 1950 from Charles and Ray Eames, they have stood the test of time and style to become a symbol of minimalistic design for our contemporary homes.</p>
<p>Crafted with precision and care, the Eames Replica Eiffel dining chair remains the seat of choice for the discerning modernista.&nbsp; &nbsp;</p>
<p>&nbsp;</p>
<p>Key Features include:</p>
<ul>
<li>Eames Replica Eiffel dining chair</li>
<li>Premium PU leather&nbsp;seat</li>
<li>Ultra Strong Wooden legs</li>
<li>Improved hardware inserts</li>
<li>Felt floor protectors</li>
<li>Easy to assemble</li>
</ul><b>SPECIFICATIONS</b><ul>
<li>Overall dimensions: 86x42x46cm</li>
<li>Colours: white</li>
</ul><b>PACKAGE CONTENT</b><ul>
<li>4x Dining Chair</li>
<li>1 x Assembly Manual</li>
</ul>",2/10/2020,,taxable,Taxable Goods,0,10,5,,1,20000,60,56,47,1,,161.99,419,"Default Category/All Products,Default Category/Home & Garden,Default Category/Furniture,Default Category/Furniture/Tables & Chairs",,,"https://www.idropship.com.au/pub/media/catalog/product/i/d/idropship01_2521.jpg,https://www.idropship.com.au/pub/media/catalog/product/i/d/idropship02_2406.jpg,https://www.idropship.com.au/pub/media/catalog/product/i/d/idropship03_2362.jpg,https://www.idropship.com.au/pub/media/catalog/product/i/d/idropship04_2415.jpg,https://www.idropship.com.au/pub/media/catalog/product/i/d/idropship05_2414.jpg,https://www.idropship.com.au/pub/media/catalog/product/i/d/idropship06_2331.jpg,https://www.idropship.com.au/pub/media/catalog/product/L/i/Lifestyle2_128.jpg,https://www.idropship.com.au/pub/media/catalog/product/L/i/Lifestyle_2365.jpg",,,,,Levede,9.36E+12,Dining Room,Dining Chair,0,0,0,0,0,0,0,0,0,,,,,,,,,
,simple,CH1023,Levede Storage Ottoman Blanket Box Fabric Rest Chest Toy Foot Stool Bed Bench,Yes,Yes,visible,,"<b>DESCRIPTION</b><p>Need a better storage space with taste? Our luxury multi-functional ottoman might be your best choise! Made of natural linen fabric, filled with high density of foam, our ottoman is super soft to rest on and adds a plush touch to any room. It also provides neat storage space for your home essentials. Blankets, pillows, magazines and even toys can be stowed away much easier. You can use it as storage, bench, toy chest, ottoman, foot Stool, and so on.</p>
<p>Attention: Due to lighting effect ,the actual colors may slightly differ form the picture, thanks.</p>
<ul>
<li>Extra Large Ottoman (much deeper)</li>
<li>Eco-friendly: made of Pollution-free material</li>
<li>Durable and sturdy</li>
<li>Practical: Great size as ottoman stool, storage chests footrest, etc.</li>
<li>Versatile: Great for storing blankets, cushions, books, travel items, etc.</li>
<li>Sleek foam edges: prevent kids from getting hurt, much safer</li>
<li>Heavy duty: Top lid support by durable metal hinge, more powerful</li>
<li>Fixed on with detachable legs</li>
<li>Anti slip feet: Give your ottoman extra grip and prevent scratches on floor</li>
<li>Modern stylish style blends seamlessly with any room</li>
<li>Easy to Assemble</li>
<li>1 Year Warranty</li>
</ul><b>SPECIFICATIONS</b><ul>
<li>Material: Fabric, Metal</li>
<li>Colour: Blue</li>
<li>Style: Modern, contemporary</li>
<li>Room: Living Room, Bedroom, Kids Room, Study</li>
<li>Overall Dimension: 101x40x42(LxWxH)cm</li>
</ul><b>PACKAGE CONTENT</b><ul>
<li>1x Storage Ottoman</li>
<li>1x User Manual</li>
</ul>",8/13/2020,,taxable,Taxable Goods,1,10,5,,1,12700,103,42,36,1,,125.99,299,"Default Category/All Products,Default Category/Home & Garden,Default Category/Home & Garden/Cleaning,Default Category/Home & Garden/Housekeeping",,,"https://www.idropship.com.au/pub/media/catalog/product/i/d/idropship01_2541.jpg,https://www.idropship.com.au/pub/media/catalog/product/i/d/idropship02_2426.jpg,https://www.idropship.com.au/pub/media/catalog/product/i/d/idropship03_2379.jpg,https://www.idropship.com.au/pub/media/catalog/product/i/d/idropship04_2435.jpg,https://www.idropship.com.au/pub/media/catalog/product/i/d/idropship05_2434.jpg,https://www.idropship.com.au/pub/media/catalog/product/i/d/idropship06_2351.jpg,https://www.idropship.com.au/pub/media/catalog/product/L/i/Lifestyle2_143.jpg,https://www.idropship.com.au/pub/media/catalog/product/L/i/Lifestyle_2383.jpg",,,,,Levede,9.36E+12,Bedroom,Storage Ottoman,0,0,0,0,0,0,0,0,0,,,,,,,,,
,simple,CH1023-DG,Levede Storage Ottoman Blanket Box Fabric Large Rest Chest Toy Foot Stool Grey,Yes,Yes,visible,,"<b>DESCRIPTION</b><p>Need a better storage space with taste? Our luxury multi-functional ottoman might be your best choise! Made of natural linen fabric, filled with high density of foam, our ottoman is super soft to rest on and adds a plush touch to any room. It also provides neat storage space for your home essentials. Blankets, pillows, magazines and even toys can be stowed away much easier. You can use it as storage, bench, toy chest, ottoman, foot Stool, and so on.</p>
<p>Attention: Due to lighting effect ,the actual colors may slightly differ form the picture, thanks.</p>
<ul>
<li>Extra Large Ottoman (much deeper)</li>
<li>Eco-friendly: made of Pollution-free material</li>
<li>Durable and sturdy</li>
<li>Practical: Great size as ottoman stool, storage chests footrest, etc.</li>
<li>Versatile: Great for storing blankets, cushions, books, travel items, etc.</li>
<li>Sleek foam edges: prevent kids from getting hurt, much safer</li>
<li>Heavy duty: Top lid support by durable metal hinge, more powerful</li>
<li>Fixed on with detachable legs</li>
<li>Anti slip feet: Give your ottoman extra grip and prevent scratches on floor</li>
<li>Modern stylish style blends seamlessly with any room</li>
<li>Easy to Assemble</li>
<li>1 Year Warranty</li>
</ul><b>SPECIFICATIONS</b><ul>
<li>Material: Fabric, Metal</li>
<li>Colour: Dark Grey</li>
<li>Style: Modern, contemporary</li>
<li>Room: Living Room, Bedroom, Kids Room, Study</li>
<li>Overall Dimension: 101x40x42(LxWxH)cm</li>
</ul><b>PACKAGE CONTENT</b><ul>
<li>1x Storage Ottoman</li>
<li>1x User Manual</li>
</ul>",,,taxable,Taxable Goods,0,10,5,,1,12700,103,42,36,1,,125.99,299,Default Category/All Products,,,"https://www.idropship.com.au/pub/media/catalog/product/i/d/idropship01_2542.jpg,https://www.idropship.com.au/pub/media/catalog/product/i/d/idropship02_2427.jpg,https://www.idropship.com.au/pub/media/catalog/product/i/d/idropship03_2380.jpg,https://www.idropship.com.au/pub/media/catalog/product/i/d/idropship04_2436.jpg,https://www.idropship.com.au/pub/media/catalog/product/i/d/idropship05_2435.jpg,https://www.idropship.com.au/pub/media/catalog/product/i/d/idropship06_2352.jpg,https://www.idropship.com.au/pub/media/catalog/product/L/i/Lifestyle2_144.jpg,https://www.idropship.com.au/pub/media/catalog/product/L/i/Lifestyle_2384.jpg",,,,,Levede,9.36E+12,Bedroom,Linen Fabric Blanket,0,0,0,0,0,0,0,0,0,,,,,,,,,
,simple,CK1016,Large Modern 3D Crystal Wall Clock Luxury Black Glass Round Dial Home Office,Yes,Yes,visible,,"<b>DESCRIPTION</b><p>This fashionable crystal sunburst wall clock looks luxury and noble, it's full of art atmosphere. It will take you to experience a happy life.</p>
<ul>
<li>Number dial, Silent Non-ticking, high quality quartz battery operated movement.</li>
<li>Iron frame &amp; crystals are made in blue and transparency finish to give modern beauty to your decor</li>
<li>Glow in night</li>
<li>Back nail slot offers easy installation</li>
<li>An elegant wall clock for living room, bed room, study room and office space.</li>
</ul><b>SPECIFICATIONS</b><ul>
<li>Material: Metal Frame+Glass Dial +Crystal</li>
<li>Total Size: 60x60cm</li>
<li>Dial Size: 24x24cm</li>
<li>This clock requires 1 AA battery (NOT INCLUDED)</li>
</ul><b>PACKAGE CONTENT</b><ul>
<li>1x Crystal Wall Clock</li>
<li>2 x Hooks</li>
</ul>",2/10/2020,,taxable,None,0,10,5,,1,2200,64,64,7.5,1,,35.64,149,Default Category/All Products,,,"https://www.idropship.com.au/pub/media/catalog/product/i/d/idropship01_2597.jpg,https://www.idropship.com.au/pub/media/catalog/product/i/d/idropship02_2482.jpg,https://www.idropship.com.au/pub/media/catalog/product/i/d/idropship03_2434.jpg,https://www.idropship.com.au/pub/media/catalog/product/i/d/idropship04_2491.jpg,https://www.idropship.com.au/pub/media/catalog/product/i/d/idropship05_2490.jpg,https://www.idropship.com.au/pub/media/catalog/product/i/d/idropship06_2407.jpg,https://www.idropship.com.au/pub/media/catalog/product/L/i/Lifestyle1_1353.jpg,https://www.idropship.com.au/pub/media/catalog/product/L/i/Lifestyle_2440.jpg",,,,,Unbranded,9.36E+12,Living Room,Wall Clock,0,0,0,0,0,0,0,0,0,,,,,,,,,
,simple,CL1001-300LED-COOL,300 LED Curtain Fairy String Lights Wedding Outdoor Xmas Party Lights Cool White,Yes,Yes,visible,,"<b>DESCRIPTION</b><ul>
<li>Very low energy consumption and long lasting LED lights</li>
<li>Waterproof(IP44) and can be used indoors or outdoors</li>
<li>Control box with 8 different lighting pattern function</li>
<li>Blink patterns: Combination, in waves, sequential, sloglo, chasing/flash, slow fade, winkle/flash&nbsp;and steady on</li>
<li>Very easy to set up and pack away</li>
<li>High quality and Australian safety certified</li>
</ul><b>SPECIFICATIONS</b><ul>
<li>Power Input: 100-240V, 50/60Hz</li>
<li>Power Adapter Output: 31V, 270mA 8.4W</li>
<li>Material:&nbsp;Waterproof High Quality PVC</li>
<li>Light Material:&nbsp;LED</li>
<li>Light Quantity: 300</li>
<li>Colour: Cool White</li>
<li>Total Length: 12m&nbsp;&nbsp;</li>
</ul><b>PACKAGE CONTENT</b><ul>
<li>1x 300 LED Icicle Lights</li>
<li>1x User Manual</li>
</ul>",4/14/2020,,taxable,None,1,10,5,,1,600,25,20,13,1,,35.1,99,"Default Category/All Products,Default Category/Christmas",,,"https://www.idropship.com.au/pub/media/catalog/product/i/d/idropship01_2598.jpg,https://www.idropship.com.au/pub/media/catalog/product/i/d/idropship02_2483.jpg,https://www.idropship.com.au/pub/media/catalog/product/i/d/idropship03_2435.jpg,https://www.idropship.com.au/pub/media/catalog/product/i/d/idropship04_2492.jpg,https://www.idropship.com.au/pub/media/catalog/product/i/d/idropship05_2491.jpg,https://www.idropship.com.au/pub/media/catalog/product/i/d/idropship06_2408.jpg",,,,,Emitto,9.36E+12,Christmas,String Light,0,0,0,0,0,0,0,0,0,,,,,,,,,
,simple,CL1001-300LED-WARM,300 LED Curtain Fairy String Lights Wedding Outdoor Xmas Party Lights Warm White,Yes,Yes,visible,,"<b>DESCRIPTION</b><ul>
<li>Very low energy consumption and long lasting LED lights</li>
<li>Waterproof(IP44) and can be used indoors or outdoors</li>
<li>Control box with 8 different lighting pattern function</li>
<li>Blink patterns: Combination, in waves, sequential, sloglo, chasing/flash, slow fade, winkle/flash&nbsp;and steady on</li>
<li>Very easy to set up and pack away</li>
<li>High quality and Australian safety certified</li>
</ul><b>SPECIFICATIONS</b><ul>
<li>Power Input: 100-240V, 50/60Hz</li>
<li>Power Adapter Output: 31V, 270mA 8.4W</li>
<li>Material:&nbsp;Waterproof High Quality PVC</li>
<li>Light Material:&nbsp;LED</li>
<li>Light Quantity: 300</li>
<li>Colour: Warm White</li>
<li>Total Length: 12m&nbsp;&nbsp;</li>
</ul><b>PACKAGE CONTENT</b><ul>
<li>1x 300 LED Icicle Lights</li>
<li>1x User Manual</li>
</ul>",2/10/2020,,taxable,None,1,10,5,,1,600,25,20,13,1,,35.1,99,"Default Category/All Products,Default Category/Christmas",,,"https://www.idropship.com.au/pub/media/catalog/product/i/d/idropship01_2599.jpg,https://www.idropship.com.au/pub/media/catalog/product/i/d/idropship02_2484.jpg,https://www.idropship.com.au/pub/media/catalog/product/i/d/idropship03_2436.jpg,https://www.idropship.com.au/pub/media/catalog/product/i/d/idropship04_2493.jpg,https://www.idropship.com.au/pub/media/catalog/product/i/d/idropship05_2492.jpg,https://www.idropship.com.au/pub/media/catalog/product/i/d/idropship06_2409.jpg",,,,,Emitto,9.36E+12,Christmas,String Light,0,0,0,0,0,0,0,0,0,,,,,,,,,
,simple,CL1001-500LED-COOL,500 LED Curtain Fairy String Lights Wedding Outdoor Xmas Party Lights Cool White,Yes,Yes,visible,,"<b>DESCRIPTION</b><ul>
<li>Very low energy consumption and long lasting LED lights</li>
<li>Waterproof(IP44) and can be used indoors or outdoors</li>
<li>Control box with 8 different lighting pattern function</li>
<li>Blink patterns: Combination, in waves, sequential, sloglo, chasing/flash, slow fade, winkle/flash&nbsp;and steady on</li>
<li>Very easy to set up and pack away</li>
<li>High quality and Australian safety certified</li>
</ul><b>SPECIFICATIONS</b><ul>
<li>Power Input: 100-240V, 50/60Hz</li>
<li>Power Adapter Output: 31V, 270mA 8.4W</li>
<li>Material:&nbsp;Waterproof High Quality PVC</li>
<li>Light Material:&nbsp;LED</li>
<li>Light Quantity: 500</li>
<li>Colour: Cool White</li>
<li>Total Length: 22m&nbsp;&nbsp;</li>
</ul><b>PACKAGE CONTENT</b><ul>
<li>1x 500 LED Icicle Lights</li>
<li>1x User Manual</li>
</ul>",2/10/2020,,taxable,None,1,10,5,,1,1000,30,20,13,1,,44.18,119,"Default Category/All Products,Default Category/Christmas",,,"https://www.idropship.com.au/pub/media/catalog/product/i/d/idropship01_2600.jpg,https://www.idropship.com.au/pub/media/catalog/product/i/d/idropship02_2485.jpg,https://www.idropship.com.au/pub/media/catalog/product/i/d/idropship03_2437.jpg,https://www.idropship.com.au/pub/media/catalog/product/i/d/idropship04_2494.jpg,https://www.idropship.com.au/pub/media/catalog/product/i/d/idropship05_2493.jpg,https://www.idropship.com.au/pub/media/catalog/product/i/d/idropship06_2410.jpg",,,,,Emitto,9.36E+12,Christmas,String Light,0,0,0,0,0,0,0,0,0,,,,,,,,,
,simple,CL1001-500LED-WARM,500 LED Curtain Fairy String Lights Wedding Outdoor Xmas Party Lights Warm White,Yes,Yes,visible,,"<b>DESCRIPTION</b><ul>
<li>Very low energy consumption and long lasting LED lights</li>
<li>Waterproof(IP44) and can be used indoors or outdoors</li>
<li>Control box with 8 different lighting pattern function</li>
<li>Blink patterns: Combination, in waves, sequential, sloglo, chasing/flash, slow fade, winkle/flash&nbsp;and steady on</li>
<li>Very easy to set up and pack away</li>
<li>High quality and Australian safety certified</li>
</ul><b>SPECIFICATIONS</b><ul>
<li>Power Input: 100-240V, 50/60Hz</li>
<li>Power Adapter Output: 31V, 270mA 8.4W</li>
<li>Material:&nbsp;Waterproof High Quality PVC</li>
<li>Light Material:&nbsp;LED</li>
<li>Light Quantity: 500</li>
<li>Colour: Warm White</li>
<li>Total Length: 22m&nbsp;&nbsp;</li>
</ul><b>PACKAGE CONTENT</b><ul>
<li>1x 500 LED Icicle Lights</li>
<li>1x User Manual</li>
</ul>",2/10/2020,,taxable,None,1,10,5,,1,800,30,20,13,1,,44.07,119,"Default Category/All Products,Default Category/Christmas",,,"https://www.idropship.com.au/pub/media/catalog/product/i/d/idropship01_2601.jpg,https://www.idropship.com.au/pub/media/catalog/product/i/d/idropship02_2486.jpg,https://www.idropship.com.au/pub/media/catalog/product/i/d/idropship03_2438.jpg,https://www.idropship.com.au/pub/media/catalog/product/i/d/idropship04_2495.jpg,https://www.idropship.com.au/pub/media/catalog/product/i/d/idropship05_2494.jpg,https://www.idropship.com.au/pub/media/catalog/product/i/d/idropship06_2411.jpg",,,,,Emitto,9.36E+12,Christmas,String Light,0,0,0,0,0,0,0,0,0,,,,,,,,,
,simple,CL1001-COOL,800 LED Curtain Fairy String Lights Wedding Outdoor Xmas Party Lights Cool White,Yes,Yes,visible,,"<b>DESCRIPTION</b><ul>
<li>Very low energy consumption and long lasting LED lights</li>
<li>Waterproof(IP44) and can be used indoors or outdoors</li>
<li>Control box with 8 different lighting pattern function</li>
<li>Blink patterns: Combination, in waves, sequential, sloglo, chasing/flash, slow fade, winkle/flash&nbsp;and steady on</li>
<li>Very easy to set up and pack away</li>
<li>High quality and Australian safety certified</li>
</ul><b>SPECIFICATIONS</b><ul>
<li>Power Input: 100-240V, 50/60Hz</li>
<li>Power Adapter Output: 31V, 270mA 8.4W</li>
<li>Material:&nbsp;Waterproof High Quality PVC</li>
<li>Light Material:&nbsp;LED</li>
<li>Light Quantity: 800</li>
<li>Colour: Cool White</li>
<li>Total Length: 32m&nbsp;&nbsp;</li>
</ul><b>PACKAGE CONTENT</b><ul>
<li>1x 800 LED Icicle Lights</li>
<li>1x User Manual</li>
</ul>",2/10/2020,,taxable,None,0,10,5,,1,1300,20,14,11,1,,62.99,149,"Default Category/All Products,Default Category/Christmas",,,"https://www.idropship.com.au/pub/media/catalog/product/i/d/idropship01_2602.jpg,https://www.idropship.com.au/pub/media/catalog/product/i/d/idropship02_2487.jpg,https://www.idropship.com.au/pub/media/catalog/product/i/d/idropship03_2439.jpg,https://www.idropship.com.au/pub/media/catalog/product/i/d/idropship04_2496.jpg,https://www.idropship.com.au/pub/media/catalog/product/i/d/idropship05_2495.jpg,https://www.idropship.com.au/pub/media/catalog/product/i/d/idropship06_2412.jpg",,,,,Unbranded,9.36E+12,Christmas,String Light,0,0,0,0,0,0,0,0,0,,,,,,,,,
,simple,CL1001-MULTI,800 LED Curtain Fairy String Lights Wedding Outdoor Xmas Party Lights Multicolor,Yes,Yes,visible,,"<b>DESCRIPTION</b><ul>
<li>Very low energy consumption and long lasting LED lights</li>
<li>Waterproof(IP44) and can be used indoors or outdoors</li>
<li>Control box with 8 different lighting pattern function</li>
<li>Blink patterns: Combination, in waves, sequential, sloglo, chasing/flash, slow fade, winkle/flash&nbsp;and steady on</li>
<li>Very easy to set up and pack away</li>
<li>High quality and Australian safety certified</li>
</ul><b>SPECIFICATIONS</b><ul>
<li>Power Input: 100-240V, 50/60Hz</li>
<li>Power Adapter Output: 31V, 270mA 8.4W</li>
<li>Material:&nbsp;Waterproof High Quality PVC</li>
<li>Light Material:&nbsp;LED</li>
<li>Light Quantity: 800</li>
<li>Colour: Multi</li>
<li>Total Length: 32m&nbsp;&nbsp;</li>
</ul><b>PACKAGE CONTENT</b><ul>
<li>1x 800 LED Icicle Lights</li>
<li>1x User Manual</li>
</ul>",2/10/2020,,taxable,None,0,10,5,,1,1500,30,20,15,1,,53.26,149,"Default Category/All Products,Default Category/Christmas",,,"https://www.idropship.com.au/pub/media/catalog/product/i/d/idropship01_2603.jpg,https://www.idropship.com.au/pub/media/catalog/product/i/d/idropship02_2488.jpg,https://www.idropship.com.au/pub/media/catalog/product/i/d/idropship03_2440.jpg,https://www.idropship.com.au/pub/media/catalog/product/i/d/idropship04_2497.jpg,https://www.idropship.com.au/pub/media/catalog/product/i/d/idropship05_2496.jpg,https://www.idropship.com.au/pub/media/catalog/product/i/d/idropship06_2413.jpg",,,,,Emitto,9.36E+12,Christmas,String Light,0,0,0,0,0,0,0,0,0,,,,,,,,,
,simple,CL1001-WARM,800 LED Curtain Fairy String Lights Wedding Outdoor Xmas Party Lights Warm White,Yes,Yes,visible,,"<b>DESCRIPTION</b><ul>
<li>Very low energy consumption and long lasting LED lights</li>
<li>Waterproof(IP44) and can be used indoors or outdoors</li>
<li>Control box with 8 different lighting pattern function</li>
<li>Blink patterns: Combination, in waves, sequential, sloglo, chasing/flash, slow fade, winkle/flash&nbsp;and steady on</li>
<li>Very easy to set up and pack away</li>
<li>High quality and Australian safety certified</li>
</ul><b>SPECIFICATIONS</b><ul>
<li>Power Input: 100-240V, 50/60Hz</li>
<li>Power Adapter Output: 31V, 270mA 8.4W</li>
<li>Material:&nbsp;Waterproof High Quality PVC</li>
<li>Light Material:&nbsp;LED</li>
<li>Light Quantity: 800</li>
<li>Colour: Warm White</li>
<li>Total Length: 32m&nbsp;&nbsp;</li>
</ul><b>PACKAGE CONTENT</b><ul>
<li>1x 800 LED Icicle Lights</li>
<li>1x User Manual</li>
</ul>",2/10/2020,,taxable,None,0,10,5,,1,1200,30,20,13,1,,53.5,149,"Default Category/All Products,Default Category/Christmas",,,"https://www.idropship.com.au/pub/media/catalog/product/i/d/idropship01_2604.jpg,https://www.idropship.com.au/pub/media/catalog/product/i/d/idropship02_2489.jpg,https://www.idropship.com.au/pub/media/catalog/product/i/d/idropship03_2441.jpg,https://www.idropship.com.au/pub/media/catalog/product/i/d/idropship04_2498.jpg,https://www.idropship.com.au/pub/media/catalog/product/i/d/idropship05_2497.jpg,https://www.idropship.com.au/pub/media/catalog/product/i/d/idropship06_2414.jpg",,,,,Emitto,9.36E+12,Christmas,String Light,0,0,0,0,0,0,0,0,0,,,,,,,,,
,simple,CR1005-BR,Levede Clothes Stand Garment Dyring Rack Hanger Organiser Wooden Free Standing,Yes,Yes,visible,,"<b>DESCRIPTION</b><ul>
<li>3 in 1 Combination and Large Capacity: Best storage solution for home, 3 in 1 combination of hanging rail, shoe rack, clothes hooks. Saving much storage spaces for you.</li>
<li>Solid and Natural Material: Our rack is made of 100% pine wood which is safe for use.</li>
<li>Multipurpose: Not to tall and can be used in both adult and children's room. Contemporary design fits hallway, bedroom, living room, laundry room, spa room, spare room, etc.Easy to put together</li>
<li>Durable Assembling Parts: Antirust and durable screws can be installed and disassembled repeatedly.</li>
</ul><b>SPECIFICATIONS</b><ul>
<li>Color: Brown</li>
<li>Material: Pine wood</li>
<li>Dimensions (WxDxH):&nbsp;120x56x150cm/47.2""x22""x59.1""</li>
</ul><b>PACKAGE CONTENT</b><ul>
<li>1x Cloth Stand</li>
</ul>",,,taxable,Taxable Goods,0,10,5,,1,4800,159,15,14.5,1,,71.99,169,"Default Category/All Products,Default Category/Home & Garden,Default Category/Home & Garden/Cleaning,Default Category/Home & Garden/Housekeeping",,,"https://www.idropship.com.au/pub/media/catalog/product/i/d/idropship01_2623.jpg,https://www.idropship.com.au/pub/media/catalog/product/i/d/idropship02_2508.jpg,https://www.idropship.com.au/pub/media/catalog/product/i/d/idropship03_2459.jpg,https://www.idropship.com.au/pub/media/catalog/product/i/d/idropship04_2517.jpg,https://www.idropship.com.au/pub/media/catalog/product/i/d/idropship05_2515.jpg,https://www.idropship.com.au/pub/media/catalog/product/i/d/idropship06_2432.jpg,https://www.idropship.com.au/pub/media/catalog/product/L/i/Lifestyle2_149.jpg,https://www.idropship.com.au/pub/media/catalog/product/L/i/Lifestyle_2459.jpg",,,,,Unbranded,9.36E+12,Bedroom,Clothes Rack & Stand,0,0,0,0,0,0,0,0,0,,,,,,,,,
,simple,CR1005-NT,Levede Clothes Stand Garment Dyring Rack Hanger Organiser Wooden Rail Portable,Yes,Yes,visible,,"<b>DESCRIPTION</b><ul>
<li>3 in 1 Combination and Large Capacity: Best storage solution for home, 3 in 1 combination of hanging rail, shoe rack, clothes hooks. Saving much storage spaces for you.</li>
<li>Solid and Natural Material: Our rack is made of 100% pine wood which is safe for use.</li>
<li>Multipurpose: Not to tall and can be used in both adult and children's room. Contemporary design fits hallway, bedroom, living room, laundry room, spa room, spare room, etc.Easy to put together</li>
<li>Durable Assembling Parts: Antirust and durable screws can be installed and disassembled repeatedly.</li>
</ul><b>SPECIFICATIONS</b><ul>
<li>Color: Natural & Wood</li>
<li>Dimensions(WxDxH): 120x56x150cm/47.2""x22""x59.1""</li>
<li>Material: Pine wood and Canvas</li>
</ul><b>PACKAGE CONTENT</b><ul>
<li>1x Cloth Stand</li>
</ul>",5/8/2020,,taxable,Taxable Goods,0,10,5,,1,4800,159,15,14,1,,71.99,169,Default Category/All Products,,,"https://www.idropship.com.au/pub/media/catalog/product/i/d/idropship01_2624.jpg,https://www.idropship.com.au/pub/media/catalog/product/i/d/idropship02_2509.jpg,https://www.idropship.com.au/pub/media/catalog/product/i/d/idropship03_2460.jpg,https://www.idropship.com.au/pub/media/catalog/product/i/d/idropship04_2518.jpg,https://www.idropship.com.au/pub/media/catalog/product/i/d/idropship05_2516.jpg,https://www.idropship.com.au/pub/media/catalog/product/i/d/idropship06_2433.jpg,https://www.idropship.com.au/pub/media/catalog/product/L/i/Lifestyle2_150.jpg,https://www.idropship.com.au/pub/media/catalog/product/L/i/Lifestyle_2460.jpg",,,,,Unbranded,9.36E+12,Bedroom,Clothes Rack & Stand,0,0,0,0,0,0,0,0,0,,,,,,,,,
,simple,CW1003-BLADE,Traderight 710W Electric Wood Planer Door Plane Hand Held Woodworking Blade Only,Yes,Yes,visible,,"<b>DESCRIPTION</b><ul>
<li>2x Traderight Electric Wood Planer Blades</li>
</ul><b>SPECIFICATIONS</b><ul>
<li>2x Traderight Electric Wood Planer Blades</li>
</ul><b>PACKAGE CONTENT</b><ul>
<li>2x Traderight Electric Wood Planer Blades</li>
</ul>",,,taxable,None,1,10,5,,1,10,13.5,11,4,1,,8.99,19,Default Category/All Products,,,"https://www.idropship.com.au/pub/media/catalog/product/c/w/cw1003-blade_main.jpg,https://www.idropship.com.au/pub/media/catalog/product/c/w/cw1003-blade_008__1.jpg,https://www.idropship.com.au/pub/media/catalog/product/c/w/cw1003-blade_430__3.jpg,https://www.idropship.com.au/pub/media/catalog/product/c/w/cw1003-blade_682__4.jpg,https://www.idropship.com.au/pub/media/catalog/product/c/w/cw1003-blade_656__5.jpg,https://www.idropship.com.au/pub/media/catalog/product/c/w/cw1003-blade_309__7.jpg,https://www.idropship.com.au/pub/media/catalog/product/c/w/cw1003-blade_323__8.jpg,https://www.idropship.com.au/pub/media/catalog/product/c/w/cw1003-blade_889__10.jpg,https://www.idropship.com.au/pub/media/catalog/product/c/w/cw1003-blade_214__11.jpg,https://www.idropship.com.au/pub/media/catalog/product/c/w/cw1003-x_439__1.jpg,https://www.idropship.com.au/pub/media/catalog/product/c/w/cw1003-x_391__2.jpg,https://www.idropship.com.au/pub/media/catalog/product/c/w/cw1003-x_529__3.jpg,https://www.idropship.com.au/pub/media/catalog/product/c/w/cw1003-x_162__4.jpg,https://www.idropship.com.au/pub/media/catalog/product/c/w/cw1003-x_859__5.jpg,https://www.idropship.com.au/pub/media/catalog/product/c/w/cw1003-x_772__6.jpg,https://www.idropship.com.au/pub/media/catalog/product/c/w/cw1003-x_784__7.jpg,https://www.idropship.com.au/pub/media/catalog/product/c/w/cw1003-x_744__8.jpg,https://www.idropship.com.au/pub/media/catalog/product/c/w/cw1003-x_012__9.jpg,https://www.idropship.com.au/pub/media/catalog/product/c/w/cw1003-x_662__10.jpg,https://www.idropship.com.au/pub/media/catalog/product/c/w/cw1003-x_673__11.jpg",,,,,TradeRight,9.36E+12,Tools & Accessories,Wood Planer,0,0,0,0,0,0,0,0,0,,,,,,,,,
,simple,DD0111-2-WH,2 Tier Bathroom Laundry Clothes Baskets Bin Hamper Mobile Rack Removable Shelf,Yes,Yes,visible,,"<b>DESCRIPTION</b><p>Organise dirty laundry or freshly washed linen in this laundry basket.</p>
<p>Key features include:</p>
<ul>
<li>Quality: Strong thickness of the basket, the bearing effect is very good, use more comfortable</li>
<li>Design: edges and round holes are smooth and no rough edges. The are very strict. Hollow-out breathable, contracted vogue</li>
<li>Practicability: the metal tube is thickened, the base support point is upgraded, the pipe interface is locked, ensuring steady and steady</li>
<li>Capacity: the basket is large enough for bath products, laundry detergent, dirty clothes, etc</li>
<li>Mobility: Wheeled design for easy moving around. Bottom basket comes with a handle for the ease of use</li>
<li>Versatility: with 4 wheels if you don't want to put it in the bathroom, you can put it in any place, such as a bedroom, politeness or kitchen</li>
</ul><b>SPECIFICATIONS</b><ul>
<li>Material: Plastic + Metal</li>
<li>Size: 44.5(L)x32(W)x78(H) cm</li>
</ul><b>PACKAGE CONTENT</b><ul>
<li>1x 2 Tier Laundry Basket</li>
</ul>",,,taxable,None,0,10,5,,1,3200,42.5,34,48,1,,35.24,99,"Default Category/All Products,Default Category/Home & Garden,Default Category/Home & Garden/Cleaning,Default Category/Home & Garden/Housekeeping",,,"https://www.idropship.com.au/pub/media/catalog/product/i/d/idropship01_2655.jpg,https://www.idropship.com.au/pub/media/catalog/product/i/d/idropship02_2541.jpg,https://www.idropship.com.au/pub/media/catalog/product/i/d/idropship03_2492.jpg,https://www.idropship.com.au/pub/media/catalog/product/i/d/idropship04_2550.jpg,https://www.idropship.com.au/pub/media/catalog/product/i/d/idropship05_2548.jpg,https://www.idropship.com.au/pub/media/catalog/product/i/d/idropship06_2465.jpg",,,,,Unbranded,9.36E+12,Laundry Supplies,Clothes Basket,0,0,0,0,0,0,0,0,0,,,,,,,,,
,simple,DD0111-3-WH,3 Tier Bathroom Laundry Clothes Baskets Bin Hamper Mobile Rack Removable Shelf,Yes,Yes,visible,,"<b>DESCRIPTION</b><p>Organise dirty laundry or freshly washed linen in this laundry basket.</p>
<p>Key features include:</p>
<ul>
<li>Quality: Strong thickness of the basket, the bearing effect is very good, use more comfortable</li>
<li>Design: edges and round holes are smooth and no rough edges. The are very strict. Hollow-out breathable, contracted vogue</li>
<li>Practicability: the metal tube is thickened, the base support point is upgraded, the pipe interface is locked, ensuring steady and steady</li>
<li>Capacity: the basket is large enough for bath products, laundry detergent, dirty clothes, etc</li>
<li>Mobility: Wheeled design for easy moving around. Bottom basket comes with a handle for the ease of use</li>
<li>Versatility: with 4 wheels if you don't want to put it in the bathroom, you can put it in any place, such as a bedroom, politeness or kitchen</li>
</ul><b>SPECIFICATIONS</b><ul>
<li>Material: Plastic + Metal</li>
<li>Size: 44.5(L)x32(W)x107(H) cm</li>
</ul><b>PACKAGE CONTENT</b><ul>
<li>1x 3 Tier Laundry Basket</li>
</ul>",,,taxable,None,0,10,5,,1,3200,42,34.2,48,1,,41.48,119,"Default Category/All Products,Default Category/Home & Garden,Default Category/Home & Garden/Cleaning,Default Category/Home & Garden/Housekeeping",,,"https://www.idropship.com.au/pub/media/catalog/product/i/d/idropship01_2657.jpg,https://www.idropship.com.au/pub/media/catalog/product/i/d/idropship02_2543.jpg,https://www.idropship.com.au/pub/media/catalog/product/i/d/idropship03_2494.jpg,https://www.idropship.com.au/pub/media/catalog/product/i/d/idropship04_2552.jpg,https://www.idropship.com.au/pub/media/catalog/product/i/d/idropship05_2550.jpg,https://www.idropship.com.au/pub/media/catalog/product/i/d/idropship06_2467.jpg",,,,,Unbranded,9.36E+12,Laundry Supplies,Clothes Basket,0,0,0,0,0,0,0,0,0,,,,,,,,,
,simple,DK1010-JUMBO-2,PaWz 2 Pcs 120x120 cm Reusable Waterproof Pet Puppy Toilet Training Pads,Yes,Yes,visible,,"<b>DESCRIPTION</b><p>Our dog urine pad is made of quality materials, breathable, soft, wear resistant and durable to use. It has fine workmanship, suitable for most pets, such as dog, puppy, cat, etc.</p>
<ul>
<li>Washable recycling, environmental protection</li>
<li>Super high soaking capacity</li>
<li>Water proof backing, preventing the urine from flowing on the floor.</li>
<li>Machine washable</li>
<li>Soft and comfortable, sturdy and durable.</li>
<li>Perfect stitching</li>
<li>Suitable for most pets, such as dog, cat, puppy</li>
<li>5 sizes for your choice.</li>
</ul><b>SPECIFICATIONS</b><ul>
<li>Material: Polyester</li>
<li>Size:&nbsp; &nbsp;</li>
<li>Jumbo: 120x120cm</li>
</ul><b>PACKAGE CONTENT</b><ul>
<li>2x Washable Puppy Pads</li>
</ul>",2/10/2020,,taxable,None,1,10,5,,1,1000,40,30,5,1,,35.05,99,"Default Category/All Products,Default Category/Pet Supplies,Default Category/Pet 2/Pet Training,Default Category/Pet Supplies/Other Pet Supplies",,,"https://www.idropship.com.au/pub/media/catalog/product/d/k/dk1010-jumbo-2_401__1.jpg,https://www.idropship.com.au/pub/media/catalog/product/d/k/dk1010-jumbo-2_main_1.jpg,https://www.idropship.com.au/pub/media/catalog/product/d/k/dk1010_641__3.jpg,https://www.idropship.com.au/pub/media/catalog/product/d/k/dk1010_515__4.jpg,https://www.idropship.com.au/pub/media/catalog/product/d/k/dk1010_226__5.jpg,https://www.idropship.com.au/pub/media/catalog/product/d/k/dk1010_768__6.jpg,https://www.idropship.com.au/pub/media/catalog/product/d/k/dk1010_936__7.jpg,https://www.idropship.com.au/pub/media/catalog/product/d/k/dk1010_767__9.jpg,https://www.idropship.com.au/pub/media/catalog/product/d/k/dk1010_538__8.jpg,https://www.idropship.com.au/pub/media/catalog/product/d/k/dk1010_357__10.jpg,https://www.idropship.com.au/pub/media/catalog/product/d/k/dk1010_891__11.jpg,https://www.idropship.com.au/pub/media/catalog/product/d/k/dk1010_450__12.jpg",,,,,PaWz,9.36E+12,Pet Products,Pet Training Pad,0,0,0,0,0,0,0,0,0,,,,,,,,,
,simple,DK1010-KING-2,PaWz 2 Pcs 120x180 cm Reusable Waterproof Pet Puppy Toilet Training Pads,Yes,Yes,visible,,"<b>DESCRIPTION</b><p>Our dog urine pad is made of quality materials, breathable, soft, wear resistant and durable to use. It has fine workmanship, suitable for most pets, such as dog, puppy, cat, etc.</p>
<ul>
<li>Washable recycling, environmental protection</li>
<li>Super high soaking capacity</li>
<li>Water proof backing, preventing the urine from flowing on the floor.</li>
<li>Machine washable</li>
<li>Soft and comfortable, sturdy and durable.</li>
<li>Perfect stitching</li>
<li>Suitable for most pets, such as dog, cat, puppy</li>
<li>5 sizes for your choice.</li>
</ul><b>SPECIFICATIONS</b><ul>
<li>Material: Polyester</li>
<li>Size:&nbsp; &nbsp;</li>
<li>King: 120x180cm</li>
</ul><b>PACKAGE CONTENT</b><ul>
<li>2x Washable Puppy Pads</li>
</ul>",2/11/2020,,taxable,None,1,10,5,,1,1500,40,30,7,1,,49.49,119,"Default Category/All Products,Default Category/Pet Supplies,Default Category/Pet 2/Pet Training,Default Category/Pet Supplies/Other Pet Supplies",,,"https://www.idropship.com.au/pub/media/catalog/product/d/k/dk1010-king-2_main_1.jpg,https://www.idropship.com.au/pub/media/catalog/product/d/k/dk1010-king-2_256__1.jpg,https://www.idropship.com.au/pub/media/catalog/product/d/k/dk1010_641__3.jpg,https://www.idropship.com.au/pub/media/catalog/product/d/k/dk1010_515__4.jpg,https://www.idropship.com.au/pub/media/catalog/product/d/k/dk1010_226__5.jpg,https://www.idropship.com.au/pub/media/catalog/product/d/k/dk1010_768__6.jpg,https://www.idropship.com.au/pub/media/catalog/product/d/k/dk1010_936__7.jpg,https://www.idropship.com.au/pub/media/catalog/product/d/k/dk1010_538__8.jpg,https://www.idropship.com.au/pub/media/catalog/product/d/k/dk1010_767__9.jpg,https://www.idropship.com.au/pub/media/catalog/product/d/k/dk1010_357__10.jpg,https://www.idropship.com.au/pub/media/catalog/product/d/k/dk1010_891__11.jpg,https://www.idropship.com.au/pub/media/catalog/product/d/k/dk1010_450__12.jpg",,,,,PaWz,9.36E+12,Pet Products,Pet Training Pad,0,0,0,0,0,0,0,0,0,,,,,,,,,
,simple,E0002,Kids Bookshelf Bookcase Magazine Rack Wooden Organiser Shelf Rack Children,Yes,Yes,visible,,"<p><strong>DESCRIPTION</strong></p>
<ul>
<li>5 Level Tier Childrens Canvas Book Shelf Display Unit - Beige</li>
<li>Canvas Woven Fabric Shelving</li>
<li>Painted MDF Frame</li>
<li>Easy Storage Solution</li>
<li>Compact Size and Design</li>
<li>Light-weight</li>
<li>Great for Bedrooms and Play Areas</li>
<li>Easy to Assemble</li>
<li>Machine Washable Fabric Shelving</li>
</ul>
<p><strong>SPECIFICATIONS</strong></p>
<ul>
<li>Material:Painted MDF Frame</li>
<li>Canvas Woven Fabric Shelving</li>
<li>Dimensions (W x D x H):63.5cm x 30cm x 71cm</li>
</ul>
<p><strong>PACKAGE CONTENT</strong></p>
<ul>
<li>Children Book Shelf x 1</li>
</ul>",8/3/2020,,taxable,None,1,10,5,,1,5500,80.5,36,8.5,1,,39.59,79,"Default Category/All Products,Default Category/Baby/Toys",,,"https://www.idropship.com.au/pub/media/catalog/product/i/d/idropship01_1_1.jpg,https://www.idropship.com.au/pub/media/catalog/product/i/d/idropship02_2_1.jpg,https://www.idropship.com.au/pub/media/catalog/product/i/d/idropship03_1_1.jpg,https://www.idropship.com.au/pub/media/catalog/product/i/d/idropship04_1_1.jpg,https://www.idropship.com.au/pub/media/catalog/product/i/d/idropship05_1_1.jpg,https://www.idropship.com.au/pub/media/catalog/product/i/d/idropship06_1_1.jpg,https://www.idropship.com.au/pub/media/catalog/product/l/i/lifestyle_1_1.jpg,https://www.idropship.com.au/pub/media/catalog/product/l/i/lifestyle1_1.jpg",,,,,Unbranded,9.36E+12,Kids Products,Kids Bookshelf,0,0,0,0,0,0,0,0,0,,,,,,,,,
,simple,E0057-L,PaWz Pet Bed Dog Beds Cushion Cover Mat Soft Calming Pillow Mat Puppy Bedding5cm,Yes,Yes,visible,,"<b>DESCRIPTION</b><p>Give your pets the best night sleep of their life! This memory foam dog bed mattress will adapt to your dog's contours to help reduce pressure points. The cover is washable and is extremely easy to remove making the job easier for you! A must have for every pet, they will surely love it!</p>
<p>Key features include:&nbsp;</p>
<ul>
<li>Adapts to your dog's contours to help reduce pressure points</li>
<li>Fabric cover with anti-skid base</li>
<li>Two side zipper cover for easy removal</li>
<li>Great comfort for aging dogs</li>
<li>Removable washable cover</li>
<li>Orginal PaWz Pet Bed Mattress</li>
</ul><b>SPECIFICATIONS</b><ul>
<li>Colour: Black</li>
<li>Dimensions:</li>
<li>Size: 103x63x5cm (LxWxH)</li>
</ul><b>PACKAGE CONTENT</b><ul>
<li>1x Memory Foam Pet Bed Mattress</li>
</ul>",,,taxable,None,1,10,5,,1,1500,51,36,21,1,,39.57,79,"Default Category/All Products,Default Category/Pet Supplies,Default Category/Pet Supplies/Pet Beds,Default Category/Pet 2/Pet Bed & Bag,Default Category/Discount Centre",,,"https://www.idropship.com.au/pub/media/catalog/product/e/0/e0057-l_main_1.jpg,https://www.idropship.com.au/pub/media/catalog/product/e/0/e0057-l_336__1.jpg,https://www.idropship.com.au/pub/media/catalog/product/e/0/e0057-l_612__3.jpg,https://www.idropship.com.au/pub/media/catalog/product/e/0/e0057-l_458__4.jpg,https://www.idropship.com.au/pub/media/catalog/product/e/0/e0057-l_054__5.jpg,https://www.idropship.com.au/pub/media/catalog/product/e/0/e0057-l_320__6.jpg,https://www.idropship.com.au/pub/media/catalog/product/e/0/e0057-l_028__7.jpg,https://www.idropship.com.au/pub/media/catalog/product/e/0/e0057-l_670__8.jpg,https://www.idropship.com.au/pub/media/catalog/product/e/0/e0057-l_154__9.jpg,https://www.idropship.com.au/pub/media/catalog/product/e/0/e0057-l_605__10.jpg,https://www.idropship.com.au/pub/media/catalog/product/e/0/e0057-l_610__11.jpg",,,,,PaWz,9.36E+12,Pet Products,Pet Bed,0,0,0,0,0,0,0,0,0,,,,,,,,,
