SKU,Regular_Price,Sale Price,Date sale price start,Date sale price ends,Status,Stock,Type,Name,Weight,Length,Width,Height,Post_Title,Post_Content,Images,Category
PET-CAT-HSCT076-180-GR,80.3,57.37,7/12/2021 0:00,18/12/2021 0:00,In Stock,200,simple,i.Pet Cat Tree 180cm Trees Scratching Post Scratcher Tower Condo House Furniture Wood,20.1,64.5,23,53,i.Pet Cat Tree 180cm Trees Scratching Post Scratcher Tower Condo House Furniture Wood,"<p>It is absolutely feline wonderland with our cat tree! Built to satisfy the natural instincts of your precious pet, our Cat Tree include a hosts of nooks and crannies for Tom and Tabby to have hours of fun scratching, hunting, climbing, jumping, hopping or simply lounging around. Better still, thw hanging mice also help to keep your cat curious and alert at all times. Plus, with its sisal-covered scratching posts, you can rest assured that your furniture will stay cat-free for a very long time. Not least, the tree is upholstered with a plush velvety surface for extra comfort and style. Best of all, the firm base and sturdy construction ensures that the tree remain a durable cat haven with total peace of mind for you. Can we hear a meow to that?</p>
 
 
 
 
 <p><strong>Features</strong><br />
 Giant cat tree<br />
 Stable wooden construction<br />
 Natural sisal posts and soft plush cover<br />
 Multi-level design with ample play areas<br />
 Bed cubes and cradles, ladder<br />
 Hanging toys for extra fun<br />
 Includes scratching, perching, climbing, sleeping all in one piece<br />
 </p>
 
 
 
 <p><strong>Specifications:</strong><br />
 Material: Fir wood, plush cover, and sisal<br />
 Height: 180m <br />
 Base dimension: 60cm x 50cm<br />
 Colour: Dark grey<br />
 </p>
 
 
 
 <p><strong>Package Content</strong><br />
1 x Cat tree <br />
1 x Assembly kit <br />
1 x Assembly guide <br />",https://cdn.dropshipzone.com.au/media/catalog/product/cache/1/image/265x/505aec4e55b10cdcd5bad43b0e3f2c1b/P/E/PET-CAT-HSCT076-180-GR-00.jpg,
PET-DOGPLAYPEN-36,40.7,33.24,7/12/2021 0:00,18/12/2021 0:00,In Stock,200,simple,"i.Pet 36"" 8 Panel Pet Dog Playpen Puppy Exercise Cage Enclosure Play Pen Fence",9.6,94,63,6,"i.Pet 36"" 8 Panel Pet Dog Playpen Puppy Exercise Cage Enclosure Play Pen Fence","<p><strong>Pet Playpen - 36 Inches</strong></p>
<p>Give your pet the play area it deserves without worrying about it messing up your home. Our 8-panel Pet Playpen is just the answer to let your pet have great fun within a designated area.</p>
<p>Made from durable powder-coated steel frames, the 8-panel Playpen can be arranged in a number of ways to suit your pet's play habits. Whether it's an octagon or a square pen, the Playpen easily configures with just simple adjustments.</p>
<p>Better still, you can actually get two 8-panel sets and create an expanded play area for your furry friend. And when play time is over, the Playpen can be easily folded away for storage or travel.</p>
<p>Security and safety measures include a bolt latch for the access door, two locks and safe round edges respectively.</p>
<p>Ideal for a variety of pets including puppies, kittens, guinea pigs and rabbits, the Pet Playpen can be used both outdoors and indoors.</p>
<p><strong>Features</strong><br>
  * Multi-configuration<br>
  * Strong steel frames<br>
  * Black powder coated to enhance durability<br>
  * Join up to 2 sets of panels to expand the play area<br>
  * Locks included to join the ends of playpen<br>
  * Round edges - safer for your pet<br>
  * Secure lock system on access door<br>
  * Easily foldable for convenient storage and transportation<br>
  * Simple setup - no tools required<br>
  * SGS approved<br>
  * Suitable for a variety of pets - dogs, ducks, rabbits, guinea pigs etc</p>
<p><strong>Specifications</strong><br>
  * Size: 36&quot;<br>
  * Dimension per panel: 61cm x 91cm<br>
  * Colour: Black<br>
  * Door latch per panel: 2<br>
  * Lock for panels: 1</p>
<p><strong>Package Contents</strong><br>
1 x Pet Playpen</p>",https://cdn.dropshipzone.com.au/media/catalog/product/cache/1/image/265x/37765fb22ec4c0ff116cc300fafec8ce/P/E/PET-DOGPLAYPEN-36-00.jpg,
PET-DOGPLAYPEN-H80,123.2,65.95,7/12/2021 0:00,18/12/2021 0:00,In Stock,200,simple,i.Pet 8 Panel Pet Dog Playpen Puppy Exercise Cage Enclosure Fence Play Pen 80x80cm,18,83.5,82.5,17,i.Pet 8 Panel Pet Dog Playpen Puppy Exercise Cage Enclosure Fence Play Pen 80x80cm,"<p><strong>8 Panel Playpen</strong></p>
<p>Give your pet a safe and secure play area with this 8 panel playpen. It features a foldable design offering maximum convenience when storing and transporting and allows you to configure the playpen to the desired shape. Easy to set up, store and transport, it's an absolute hassle free purchase.</p>
<p><strong>Features</strong><br>
  Powder coated finish <br>
  8 Panels included <br>
  1 Access door <br>
  2 Locks </p>
<p><strong>Specifications</strong><br>
  Dimensions (per panel): 80 x 80cm <br>
  Colour: Black </p>
<p><strong>Package Contents</strong><br>
1 x Pet Playpen</p>",https://cdn.dropshipzone.com.au/media/catalog/product/cache/1/image/265x/21858f3c9f038d85e2dd1c5f0241ed7f/P/E/PET-DOGPLAYPEN-H80-00.jpg,
PET-DOGPLAYPEN-30,40.7,26.35,7/12/2021 0:00,18/12/2021 0:00,In Stock,200,simple,"i.Pet 30"" 8 Panel Pet Dog Playpen Puppy Exercise Cage Enclosure Play Pen Fence",8.2,77,64,7,"i.Pet 30"" 8 Panel Pet Dog Playpen Puppy Exercise Cage Enclosure Play Pen Fence","<p><strong>8 Panel Pet Playpen</strong></p>
<p>Give your pet the play area it deserves without worrying about it messing up your home. Our 8-panel Pet Playpen is just the answer to let your pet have great fun within a designated area. </p>
<p>Made from durable powder-coated steel frames, the 8-panel Playpen can be arranged in a number of ways to suit your pet抯 play habits. Whether it's an octagon or a square pen, the Playpen easily configures with just simple adjustments. </p>
<p>Better still, you can actually get two 8-panel sets and create an expanded play area for your furry friend. And when play time is over, the Playpen can be easily folded away for storage or travel. </p>
<p>Security and safety measures include a bolt latch for the access door, locks and safe round edges respectively. </p>
<p>Ideal for a variety of pets including puppies, kittens, guinea pigs and rabbits, the Pet Playpen can be used both outdoors and indoors. </p>
<p><strong>Features</strong><br>
  * Multi-configuration with eight panels <br>
  * Durable steel frames <br>
  * Powder coated <br>
  * Weather-resistant <br>
  * Foldable <br>
  * Bolt latch for access door <br>
  * Locks included for joining the panels <br>
  * Easy to set up <br>
  * SGS-approved </p>
<p><strong>Specifications</strong><br>
  * Size: 30&quot; <br>
  * Dimensions per panel: 61cm x 76cm <br>
  * Colour: Black <br>
  * Door latch per panel: 1 <br>
  * Lock for panels: 1 </p>
<p><strong>Package Contents</strong><br>
  1 x Pet Play Pen</p>
",https://cdn.dropshipzone.com.au/media/catalog/product/cache/1/image/265x/e3ab65ad00f4440ed330e11806f344a4/P/E/PET-DOGPLAYPEN-30-00.jpg,
PET-CAT-HSCT076-180-BE,80.3,78.29,7/12/2021 0:00,18/12/2021 0:00,In Stock,200,simple,i.Pet Cat Tree 180cm Trees Scratching Post Scratcher Tower Condo House Furniture Wood Beige,20.1,64.5,23,53,i.Pet Cat Tree 180cm Trees Scratching Post Scratcher Tower Condo House Furniture Wood Beige,"<p>It is absolutely feline wonderland with our cat tree! Built to satisfy the natural instincts of your precious pet, our Cat Tree include a hosts of nooks and crannies for Tom and Tabby to have hours of fun scratching, hunting, climbing, jumping, hopping or simply lounging around. Better still, thw hanging mice also help to keep your cat curious and alert at all times. Plus, with its sisal-covered scratching posts, you can rest assured that your furniture will stay cat-free for a very long time. Not least, the tree is upholstered with a plush velvety surface for extra comfort and style. Best of all, the firm base and sturdy construction ensures that the tree remain a durable cat haven with total peace of mind for you. Can we hear a meow to that?</p>
 
 
 
 
 <p><strong>Features</strong><br />
 Giant cat tree<br />
 Stable wooden construction<br />
 Natural sisal posts and soft plush cover<br />
 Multi-level design with ample play areas<br />
 Bed cubes and cradles, ladder<br />
 Hanging toys for extra fun<br />
 Includes scratching, perching, climbing, sleeping all in one piece<br />
 </p>
 
 
 
 <p><strong>Specifications:</strong><br />
 Material: Fir wood, plush cover, and sisal<br />
 Height: 180m <br />
 Base dimension: 60cm x 50cm<br />
 Colour: Beige<br />
 </p>
 
 
 
 <p><strong>Package Content</strong><br />
1 x Cat tree <br />
1 x Assembly kit <br />
1 x Assembly guide <br />",https://cdn.dropshipzone.com.au/media/catalog/product/cache/1/image/265x/1c46474bc6581e4a47073fe8bcb937c4/P/E/PET-CAT-HSCT076-180-BE-00.jpg,
FF-GT-WOOD-R2100S,147.4,116.42,7/12/2021 0:00,18/12/2021 0:00,In Stock,200,simple,Gardeon 2 Storey Wooden Hutch,23.3,102,62,24.3,Gardeon 2 Storey Wooden Hutch,"<p>Featuring a fir wood construction, our i.Pet Pet Hutch is the perfect home for your little pets. It incorporates two living areas – one cosy bedroom on the upper level and a spacious play area on the ground level. The four doors provide easy access and cleaning to the living areas and are equipped with strong and firm security locks. The hutch is waterproof, anti-termite and is made of TUV approved eco-friendly materials. Moreover, it features a green asphalt roof to insulate your pets from the heat during summer and against the rain in winter, providing maximum comfort to your pets all year round. The hutch does not only provide a five-star living environment, the architectural design also makes cleaning and feeding easier for you. So seek no further than our pet hutch when looking for the ideal home for your pets!</p>
 
 <p><strong>Features</strong><br />
 High quality fir wood construction with mesh wire<br />
 Asphalt roof for rain and sun protection<br />
 Waterproof and anti-termite<br />
 Fully enclosed bedroom on upper level<br />
 Spacious integrated ground enclosed play area<br />
 Open floor design for grazing<br />
 Built-in and foldable ramps connected between floors<br />
 Four easy-to-access doors<br />
 Strong and firm security locks<br />
 Slide-out tray for easy cleaning<br />
 Made of RoHS approved eco-friendly material<br />
 </p>
 
 <p><strong>Specifications:</strong><br />
 Material: Fir wood and steel mesh wire, asphalt roof<br />
 Overall Dimensions: 169 x 52 x 72 cm<br />
 Please refer to gallery for further dimensions<br />
 </p>
 
 <p><strong>Package Content</strong><br />
 1 x Pet hutch <br />
 1 x Assembly kit <br />
 1 x Assembly guide <br />",https://cdn.dropshipzone.com.au/media/catalog/product/cache/1/image/265x/cea681b4cbd29ca1db01222d37e33a2d/F/F/FF-GT-WOOD-R2100S-00.jpg,
PET-CAT-CP001-GR,64.9,46.5,7/12/2021 0:00,18/12/2021 0:00,In Stock,200,simple,i.Pet Cat Tree 124cm Trees Scratching Post Scratcher Tower Condo House Furniture Wood Steps,9.75,73.5,63.5,12.5,i.Pet Cat Tree 124cm Trees Scratching Post Scratcher Tower Condo House Furniture Wood Steps,"<p>It is absolutely feline wonderland with our cat tree! Built to satisfy the natural instincts of your precious pet, our Cat Tree include a hosts of nooks and crannies for Tom and Tabby to have hours of fun scratching, hunting, climbing, jumping, hopping or simply lounging around. Plus, with its sisal-covered scratching posts, you can rest assured that your furniture will stay cat-free for a very long time. Not least, the tree is upholstered with a soft linen surface for extra comfort and style. Best of all, the firm base and sturdy construction ensures that the tree remain a durable cat haven with total peace of mind for you. Can we hear a meow to that?</p>
 
 
 
 
 <p><strong>Features</strong><br />
 Stable wooden construction<br />
 Natural sisal posts and soft linen cover<br />
 Multi-level design with ample play areas<br />
 Various napping spots<br />
 Includes scratching, perching, climbing, sleeping all in one piece<br />
 </p>
 
 
 
 <p><strong>Specifications:</strong><br />
 Material: Fir wood, linen cover, and sisal<br />
 Height: 124m <br />
 Base dimension: 60cm x 60cm<br />
 Colour: Grey<br />
 </p>
 
 
 
 <p><strong>Package Content</strong><br />
 1 x Cat tree  <br />
 1 x Assembly kit <br />
 1 x Assembly guide  <br />
",https://cdn.dropshipzone.com.au/media/catalog/product/cache/1/image/265x/a11d7ab99e0d2107d65b4789d4789aa5/P/E/PET-CAT-CP001-GR-00.jpg,
FIK-ROPE-500MX2,69,,,,In Stock,200,simple,Giantz 1000M Electric Fence Wire Tape Poly Stainless Steel Temporary Fencing Kit,8.243,30.5,23,47,Giantz 1000M Electric Fence Wire Tape Poly Stainless Steel Temporary Fencing Kit,"<p>1000M Polyrope</p>
<p>Want to improve the visibility of your electric fence? Then this 4mm wide Red and White Polyrope is all you need.</p>
<p>Electric fences are designed to keep pets and livestock contained and polyrope helps to improve its visibility, keeping your pets and livestock away from it. Polyropes are used for their superior strength for animal electric fencing. Moreover, With the use of red and white, it highly increases the visibility, preventing your livestock to make accidental contact. Fulfilling your needs for a reliable electric fencing, be assured that your animals will be kept where they belong.</p>
<p><strong>Features</strong><br>
  Highly visible red and white rope to reduce accidental contacts<br>
  Compatible with fence energiser<br>
  6 strands of 0.20mm stainless steel<br>
  Tightly wound and UV stabilised; avoids disintegration under sun<br>
  Antirust and high conductivity stainless steel wire<br>
Ideal for livestock fencing and control grazing</p>
<p><strong>Specifications</strong><br>
  Length: 500m/roll<br>
  Width: 4mm<br>
  Strand: 6 x 0.2MM stainless steel wire<br>
  Electrical resistance: 5.3Ω OHMS<br>
  Coating: UV treated<br>
Colour: Red &amp; white</p>
<p><strong>Package Content</strong><br>
2 x 500M Polyrope</p>
",https://cdn.dropshipzone.com.au/media/catalog/product/cache/1/image/265x/6e6acd692221cb5109e078b3a91c8be1/F/I/FIK-ROPE-500MX2-00.jpg,
PET-DH-P424-GR,127.6,104.21,7/12/2021 0:00,18/12/2021 0:00,In Stock,125,simple,i.Pet Extra Extra Large Pet Kennel - Grey,15,98.5,29.5,70,i.Pet Extra Extra Large Pet Kennel - Grey,"<p><strong>Grey Dog Kennel</strong></p>
<p>What keeps your doggie happy is as simple as providing a comfortable and clean home for it. Our Dog Kennel is just the perfect for your loyal friend.<br>
  Besides being low maintenance, this delightful Dog Kennel is made from high quality and durable plastic to prevent germs and bacteria from nurturing inside. It's also designed with a corrugated roof for easy water runoff during the rainy season and an elevated base to keep your pet away from moist and damp grounds and surfaces.<br>
  What makes this Kennel really special is the extra room for doggie to lay and chill. With its removable side wall, you can simply detach and place it on the floor for an extendable living area or a more spacious entrance.<br>
  Perfect for all seasons, this Dog Kennel is exceptionally easy to clean.</p>
<p><strong>Features</strong><br>
  * Grey shelter kennel<br>
  * Indoor and outdoor use<br>
  * Eco-friendly Polypropylene (PP) material<br>
  * Durable and heavy duty construction<br>
  * Weatherproof and UV-proof<br>
  * Easy to clean surfaces<br>
  * Hygienic and germ-free<br>
  * Corrugated roof<br>
  * Extendable side<br>
  * Ventilation holes<br>
  * Elevated base<br>
  * Easy to assemble and disassemble</p>
<p><strong>Specifications</strong><br>
  * Material: Eco-friendly Polypropylene<br>
  * Waterproof: Yes<br>
  * UV-proof: Yes<br>
  * Colour: Grey<br>
  * Overall dimension:  98 x 68.5 x 68cm<br>
  * Main door dimension: 30x47cm<br>
  * Side door dimensions: 54 x 54cm<br>
  * Elevated base height: 6cm</p>
<p><strong>Package Content</strong><br>
  1 x Dog Kennel<br>
1 x Assembly Manual</p>",https://cdn.dropshipzone.com.au/media/catalog/product/cache/1/image/265x/927b88d518cebbeefe3f94134c8f020e/P/E/PET-DH-P424-GR-00.jpg,
PET-DOGPLAYPEN-24,30.8,21.95,7/12/2021 0:00,18/12/2021 0:00,In Stock,200,simple,"i.Pet 24"" 8 Panel Pet Dog Playpen Puppy Exercise Cage Enclosure Play Pen Fence",6.8,63,63,6,"i.Pet 24"" 8 Panel Pet Dog Playpen Puppy Exercise Cage Enclosure Play Pen Fence","<p><strong>Pet Playpen - 24 Inches</strong></p>
<p>Give your pet the play area it deserves without worrying about it messing up your home. Our 8-panel Pet Playpen is just the answer to let your pet have great fun within a designated area.</p>
<p>Made from durable powder-coated steel frames, the 8-panel Playpen can be arranged in a number of ways to suit your pet's play habits. Whether it's an octagon or a square pen, the Playpen easily configures with just simple adjustments.</p>
<p>Better still, you can actually get two 8-panel sets and create an expanded play area for your furry friend. And when play time is over, the Playpen can be easily folded away for storage or travel.</p>
<p>Security and safety measures include a bolt latch for the access door, two locks and safe round edges respectively.</p>
<p>Ideal for a variety of pets including puppies, kittens, guinea pigs and rabbits, the Pet Playpen can be used both outdoors and indoors.</p>
<p><strong>Features</strong><br>
  * Multi-configuration<br>
  * Strong steel frames<br>
  * Black powder coated to enhance durability<br>
  * Join up to 2 sets of panels to expand the play area<br>
  * Locks included to join the ends of playpen<br>
  * Round edges - safer for your pet<br>
  * Secure lock system on access door<br>
  * Easily foldable for convenient storage and transportation<br>
  * Simple setup - no tools required<br>
  * SGS approved<br>
  * Suitable for a variety of pets - dogs, ducks, rabbits, guinea pigs etc</p>
<p><strong>Specifications</strong><br>
  * Size: 24&quot;<br>
  * Dimension per panel: 62cm x 60cm<br>
  * Colour: Black<br>
  * Door latch per panel: 1<br>
  * Lock for panels: 1</p>
<p><strong>Package Contents:</strong><br>
1 x Pet Playpen</p>",https://cdn.dropshipzone.com.au/media/catalog/product/cache/1/image/265x/ae8f8ed71b9a60843c053a6c391eebc7/P/E/PET-DOGPLAYPEN-24-00.jpg,
PET-CAT-WT02-GR,59.4,30.4,7/12/2021 0:00,18/12/2021 0:00,In Stock,200,simple,i.Pet Cat Tree 100cm Trees Scratching Post Scratcher Tower Condo House Furniture Wood Steps,10,52,52,18,i.Pet Cat Tree 100cm Trees Scratching Post Scratcher Tower Condo House Furniture Wood Steps,"<p>It is absolutely feline wonderland with our cat tree! Built to satisfy the natural instincts of your precious pet, our Cat Tree include a hosts of nooks and crannies for Tom and Tabby to have hours of fun scratching, hunting, climbing, jumping, hopping or simply lounging around. Plus, with its sisal-covered scratching posts and steps, you can rest assured that your furniture will stay cat-free for a very long time. Not least, the tree is upholstered with a plush velvety surface for extra comfort and style. Best of all, the firm base and sturdy construction ensures that the tree remain a durable cat haven with total peace of mind for you. Can we hear a meow to that?</p>
 
 
 
 
 <p><strong>Features</strong><br />
 Stable wooden construction<br />
 Natural sisal posts and soft plush cover<br />
 Multi-level design with ample play areas<br />
 High-rise plush bed<br />
 Steps with scratching pads<br />
 Fully-wrapped sisal posts<br />
 Includes scratching, perching, climbing, sleeping all in one piece<br />
 </p>
 
 
 
 <p><strong>Specifications:</strong><br />
 Material: Fir wood, plush cover, and sisal<br />
 Height: 100m <br />
 Base dimension: 50cm x 50cm<br />
 Colour: Dark grey<br />
 </p>
 
 
 
 <p><strong>Package Content</strong><br />
1 x Cat tree <br />
1 x Assembly kit <br />
1 x Assembly guide <br />",https://cdn.dropshipzone.com.au/media/catalog/product/cache/1/image/265x/f5a6e181fe64160b7a1bf072ae714720/P/E/PET-CAT-WT02-GR-00.jpg,
PET-GT-DH5-M-BK,104.5,85.77,7/12/2021 0:00,18/12/2021 0:00,In Stock,128,simple,i.Pet Medium Wooden Pet Kennel,20,88,67,15.3,i.Pet Medium Wooden Pet Kennel,"<p>A man’s best friend should deserve a good  place to stay. And our Pet Dog Kennel is the just the right pad for your furry  buddy to sleep, rest or relax.</p>
<p>This quality Fir wood built dog kennel fits  larger size dogs and is weatherproof and UV stabilized. Vents at the front and  rear help to ensure that your pet is kept well ventilated with fresh supplies  of clean air.</p>
<p>The interior is spacious, the entrance is  wide enough and the entire kennel sits on an elevated floor that keeps ticks  and fleas away from your pet. The roof can also be opened to air the kennel if  needed. Not least, the adjustable footing allows the kennel to be set on uneven  ground without any issues.</p>
<p>Every dog has its day, and we’re sure that  our Pet Dog Kennel will certainly make it cool and comfortable, time and again,  for your loyal buddy.</p>
<p><strong>Features</strong><br>
  PET-GT-DH5-M-BK<br>
  Weatherproof design<br>
  UV-resistant asphalt roof<br>
  Angled roof<br>
  Lift up roof for easy cleaning<br>
  Fir wood construction<br>
  Elevated flooring<br>
  Raised flooring<br>
  Feet with plastic soles<br>
  Eco-friendly and RoHS-certified</p>
<p><strong>Specifications</strong><br>
  Material:<br>
  Roof: Black asphalt<br>
  House: Fir wood<br>
  Feet: Rubber<br>
  Dimensions: refer to images<br>
  Weight capacity: 30KG</p>
<p><strong>Package  Content</strong><br>
  1 x Pet Dog House<br>
  1 Set x Assembly Kit<br>
  1 x Assembly Guide</p>",https://cdn.dropshipzone.com.au/media/catalog/product/cache/1/image/265x/1db4b3f899097597352abf803a93163c/P/E/PET-GT-DH5-M-BK-00.jpg,
PET-DOGCAGE-24,30.8,35.11,7/12/2021 0:00,18/12/2021 0:00,In Stock,200,simple,i.Pet 24inch Pet Cage - Black,5.3,61.5,49.5,11,i.Pet 24inch Pet Cage - Black,"<p><strong>Foldable Pet Cage - 24 inch</strong></p>
<p>Featuring a foldable design with triple access doors, this dog cage offers maximum convenience and is extremely safe for containing your pets. It's metal constructed with a powder coated finish enhancing durability and is also rust resistant. Easy to setup, store, transport and clean, an absolute hassle free purchase! Great for securely keeping your pets contained, a must have for every pet owner.</p>
<p><strong>Features</strong><br>
  * Durable steel frames<br>
  * Powder-coated for durability<br>
  * Weather-resistant<br>
  * Folds flat<br>
  * Cage lock<br>
  * Three access doors<br>
  * Removable slide-out plastic tray<br>
  * Rubber feet protectors<br>
  * SGS-certified</p>
<p><strong>Specifications</strong><br>
  * Size: 24&quot; <br>
  * Powder coated finish <br>
  * 3 Access doors - front, side, roof <br>
  * Dimensions: 45 x 60 x 51cm <br>
  * Colour: Black </p>
<p><strong>Package Contents</strong><br>
1 x Dog Cage</p>",https://cdn.dropshipzone.com.au/media/catalog/product/cache/1/image/265x/8b6604c9b346819aa6aa0d1038bdc53f/P/E/PET-DOGCAGE-24-00.jpg,
PET-GT-DH5-L-BK,128.7,116.03,7/12/2021 0:00,18/12/2021 0:00,In Stock,114,simple,i.Pet Large Wooden Pet Kennel,17.9,107.5,71,15.3,i.Pet Large Wooden Pet Kennel,"<p>A man’s best friend should deserve a good  place to stay. And our Pet Dog Kennel is the just the right pad for your furry  buddy to sleep, rest or relax.</p>
<p>This quality Fir wood built dog kennel fits  larger size dogs and is weatherproof and UV stabilized. Vents at the front and  rear help to ensure that your pet is kept well ventilated with fresh supplies  of clean air.</p>
<p>The interior is spacious, the entrance is  wide enough and the entire kennel sits on an elevated floor that keeps ticks  and fleas away from your pet. The roof can also be opened to air the kennel if  needed. Not least, the adjustable footing allows the kennel to be set on uneven  ground without any issues.</p>
<p>Every dog has its day, and we’re sure that  our Pet Dog Kennel will certainly make it cool and comfortable, time and again,  for your loyal buddy.</p>
<p>Small amendments/DIY work is required  during installation. Please contact our customer service representative for  assistance.</p>
<p><strong>Features</strong><br>
  Weatherproof design<br>
  UV-resistant asphalt roof<br>
  Angled roof<br>
  Lift up roof for easy cleaning<br>
  Fir wood construction<br>
  Elevated flooring<br>
  Raised flooring<br>
  Feet with plastic soles<br>
  Eco-friendly and RoHS-certified</p>
<p><strong>Specifications</strong><br>
  Material:<br>
  Roof: Black asphalt<br>
  House: Fir wood<br>
  Feet: Rubber<br>
  Dimensions: refer to images<br>
  Weight capacity: 35KG</p>
<p><strong>Package  Content</strong><br>
  1 x Pet Dog House<br>
  1 x Assembly Kit<br>
  1 x Assembly Guide</p>",https://cdn.dropshipzone.com.au/media/catalog/product/cache/1/image/265x/1db4b3f899097597352abf803a93163c/P/E/PET-GT-DH5-L-BK-00.jpg,
PET-BIRDCAGE-173-TOY,168.3,139.12,7/12/2021 0:00,18/12/2021 0:00,In Stock,200,simple,i.Pet Pet Bird Cage with Perch - Black,23.1,108,67,18,i.Pet Pet Bird Cage with Perch - Black,"<p>An aviary paradise for your pet love. Our Bird Cage is designed to let your fine-feathered friends have a truly wonderful roost that they can call home sweet home.</p>
<p></p>
<p>Made from high quality wrought iron, the durable metal cage uses a non-toxic powder coated finish for total eco-friendliness to man and bird. Every feature is also thoughtfully included to let the natural instincts of your pet flourish. Such as the ascent ladder and wooden perches . More importantly, there’s also ample space to flutter and spread their wings now and then.</p>
<p></p>
<p>Taking care of them is made easy too with one large access door and two side doors to reach inside the five food and water bowls and take them out for refills or cleaning. Cleaning is hassle-free with the slide-out top and bottom tray that can also be removed. And your feather friends will feel extremely safe too with a set of secured locks to keep prying predators away. Including that nosey parker feline from next door.</p>
<p>With sturdy legs and lockable wheel castors, the Cage is very mobile and steady wherever it is placed. Not least, the round and smooth edges make this Bird Cage safe for anyone who works with it.</p>
<p>Birds of a feather flock together. That can be well said of you, your winged friends and our exceptional Bird Cage.</p>
<p><strong>Features</strong><br />
High quality durable wrought iron<br />
Non-toxic powder coated finish<br />
Large access door<br />
Two small side access door<br />
Slide-out removable top and bottom tray<br />
Pyramid top playing area with ascent ladder<br />
Secured locks<br />
Round and smooth edge design<br />
Two wooden perches<br />
Five food/ water bowls<br />
Lockable castor wheels<br />
Easy to assemble</p>



<p><strong>Specifications:</strong><br />
Material: Powder coated wrought iron<br />
Accessories: 2 x perches &amp; 5 x food/ water bowls<br />
Overall Dimensions: 81(L) x 78(W) x 173(H)cm<br />
Barred Door Size: 30 x 54.5cm (WxH)<br />
Cup Size: 10 x 8 cm(WxH)(3pcs)/ 10 x 5 cm(WxH)(2pcs)<br />
Perch Length: 61cm<br />
Bar Spacing: 2 cm<br />
Colour: Black<br />
Ground Clearance: 30cm</p>


<p><strong>Package Contents</strong><br>
  1 x Pet Bird Cage<br>
  1 x Assembly Guide</p>
",https://cdn.dropshipzone.com.au/media/catalog/product/cache/1/image/265x/fb726ee05598ed866500100259bae2fa/P/E/PET-BIRDCAGE-173-TOY-00.jpg,
PET-CAT-WT01-GR,73.7,67.24,7/12/2021 0:00,18/12/2021 0:00,In Stock,105,simple,i.Pet Cat Tree 126cm Trees Scratching Post Scratcher Tower Condo House Furniture Wood,14,52,52,39,i.Pet Cat Tree 126cm Trees Scratching Post Scratcher Tower Condo House Furniture Wood,"<p>It is absolutely feline wonderland with our cat tree! Built to satisfy the natural instincts of your precious pet, our Cat Tree include a hosts of nooks and crannies for Tom and Tabby to have hours of fun scratching, hunting, climbing, jumping, hopping or simply lounging around. Plus, with its sisal-covered scratching posts, you can rest assured that your furniture will stay cat-free for a very long time. Not least, the tree is upholstered with a plush velvety surface for extra comfort and style. Best of all, the firm base and sturdy construction ensures that the tree remain a durable cat haven with total peace of mind for you. Can we hear a meow to that?</p>
 
 
 
 
 <p><strong>Features</strong><br />
 Stable wooden construction<br />
 Natural sisal posts and soft plush cover<br />
 Multi-level design with ample play areas<br />
 Sleeping cradles<br />
 Unique condo design<br />
 Includes scratching, perching, climbing, sleeping all in one piece<br />
 </p>
 
 
 
 <p><strong>Specifications:</strong><br />
 Material: Fir wood, plush cover, and sisal<br />
 Height: 126m <br />
 Base dimension: 50cm x 50cm<br />
 Colour: Dark grey<br />
 </p>
 
 
 
 <p><strong>Package Content</strong><br />
1 x  Cat tree  <br />
1 x  Assembly kit  <br />
1 x Assembly guide  <br />",https://cdn.dropshipzone.com.au/media/catalog/product/cache/1/image/265x/9c912316cbf30a83d803b6e645c4d135/P/E/PET-CAT-WT01-GR-00.jpg,
PET-CAT-HSCT260-BU,84.7,67.24,7/12/2021 0:00,18/12/2021 0:00,In Stock,200,simple,i.Pet Cat Tree 260cm Trees Scratching Post Scratcher Tower Condo House Furniture Wood Blue,24,62,47,29,i.Pet Cat Tree 260cm Trees Scratching Post Scratcher Tower Condo House Furniture Wood Blue,"<p>It is absolutely feline wonderland with our cat tree! Built to satisfy the natural instincts of your precious pet, our Cat Tree include a hosts of nooks and crannies for Tom and Tabby to have hours of fun scratching, hunting, climbing, jumping, hopping or simply lounging around. Better still, two hanging balls also help to keep your cat curious and alert at all times. Plus, with its sisal-covered scratching posts, you can rest assured that your furniture will stay cat-free for a very long time. Not least, the tree is upholstered with a plush velvety surface for extra comfort and style. Best of all, the firm base and sturdy construction ensures that the tree remain a durable cat haven with total peace of mind for you. Can we hear a meow to that?</p>
 
 
 
 
 <p><strong>Features</strong><br />
 Giant cat tree<br />
 Stable wooden construction<br />
 Natural sisal posts and soft plush cover<br />
 Multi-level design with ample play areas<br />
 Bed cubes and cradles, hammocks<br />
 Ladders with sisal rungs<br />
 Hanging ball for extra fun<br />
 Includes scratching, perching, climbing, sleeping all in one piece<br />
 </p>
 
 
 
 <p><strong>Specifications:</strong><br />
 Material: Fir wood, plush cover, and sisal<br />
 Height: 260m <br />
 Base dimension: 60cm x 45cm<br />
 Colour: Blue and white<br />
 </p>
 
 
 
 <p><strong>Package Content</strong><br />
 1 x Cat tree <br />
 1 x Assembly kit <br />
 1 x Assembly guide <br />",https://cdn.dropshipzone.com.au/media/catalog/product/cache/1/image/265x/e58160e0c92cbe17dc7d63449ffa9628/P/E/PET-CAT-HSCT260-BU-00.jpg,
PET-CAT-HSCT260-GR,84.7,66.8,7/12/2021 0:00,18/12/2021 0:00,In Stock,155,simple,i.Pet Cat Tree 260cm Trees Scratching Post Scratcher Tower Condo House Furniture Wood,24,62,47,29,i.Pet Cat Tree 260cm Trees Scratching Post Scratcher Tower Condo House Furniture Wood,"<p>It is absolutely feline wonderland with our cat tree! Built to satisfy the natural instincts of your precious pet, our Cat Tree include a hosts of nooks and crannies for Tom and Tabby to have hours of fun scratching, hunting, climbing, jumping, hopping or simply lounging around. Better still, two hanging balls also help to keep your cat curious and alert at all times. Plus, with its sisal-covered scratching posts, you can rest assured that your furniture will stay cat-free for a very long time. Not least, the tree is upholstered with a plush velvety surface for extra comfort and style. Best of all, the firm base and sturdy construction ensures that the tree remain a durable cat haven with total peace of mind for you. Can we hear a meow to that?</p>
 
 
 
 
 <p><strong>Features</strong><br />
 Giant cat tree<br />
 Stable wooden construction<br />
 Natural sisal posts and soft plush cover<br />
 Multi-level design with ample play areas<br />
 Bed cubes and cradles, hammocks<br />
 Ladders with sisal rungs<br />
 Hanging ball for extra fun<br />
 Includes scratching, perching, climbing, sleeping all in one piece<br />
 </p>
 
 
 
 <p><strong>Specifications:</strong><br />
 Material: Fir wood, plush cover, and sisal<br />
 Height: 260m <br />
 Base dimension: 60cm x 45cm<br />
 Colour: Dark grey and white<br />
 </p>
 
 
 
 <p><strong>Package Content</strong><br />
1 x Cat tree <br />
1 x Assembly kit <br />
1 x Assembly guide <br />",https://cdn.dropshipzone.com.au/media/catalog/product/cache/1/image/265x/4722314b176d3b7353fa1098ef36022d/P/E/PET-CAT-HSCT260-GR-00.jpg,
V63-775205,265.9,,,,In Stock,25,simple,10 x 800 Tall Panel Pet Exercise Pen Enclosure,30.63,83,82,18,10 x 800 Tall Panel Pet Exercise Pen Enclosure,"<p>Show your pets how much you love them by letting them have the freedom and exercise they need in the limited area that you decide you want them to ""play"" in and where they will be safe. Give yourself a break by confining the pets you adore in a safe and secure playpen that leaves you worry-free.</p> <p>This ten-panel solidly built play-pen for pets is designed with two customers in mind - you and your pet! It is built to keep the biggest and strongest dogs inside where you want them and where they are safe. But it is also perfect for the small dogs and cats to romp in. The square tube frame allows even the biggest dogs to roll up against it without fear that the structure will collapse. The panels are tall enough that there is no concern about your large dogs jumping over them and escaping. The uniquely designed barn door system allows pet owners easy access without allowing your pets to escape through the same door.</p> <p>Another fan of the play-pen will be the Mummy dog who can take a breather from her pups and leave them to play and sleep without her. Neither pet owner nor dog mum need worry about the pups being left alone in the secure structure that features an enclosed bottom gate. The pups can be outside alone to get the fresh air they need without having to be attended to every minute. The play-pen offers great flexibility to meet your individual needs. It can be fashioned in a square, rectangular or circular formation.</p> <p>The play-pen system affords its owners great versatility. It can be set up inside as well as outside. The play-pen can keep your pups confined to the space you want inside to keep your entire household from the total chaos that new pups can engender. The play-pen has a tools-free construction and the ten separate panels can be used to suit your particular design and size requirements.</p> <p>Confining an injured pet in a play-pen will ensure that he does not suffer further injury. A sick dog will feel the comfort of a safe haven when confined in the structure. The play-pen system is convenient and mobile. It collapses to a flat pack that makes travel with your pets effortless and convenient. And its sleek design allows for easy storage when not in use.</p> <p>Features of the 10-panel exercise fence:</p> <ul> <li>Structure configuration options</li> <li>Non-marking end caps to prevent scuffing of inside floors</li> <li>Square metal tube frame</li> <li>Sleek design for convenience and easy storage</li> <li>Easy assembly - no tools required</li> <li>Unique barn door gate system - provides greater versatility</li> <li>The step prevents animals from running out while you enter</li> <li>Each Panel is 80cm High and 80cm Wide</li> </ul><p>Package Content:</p>
<p>1 x 10 x 800 Tall Panel Pet Exercise Pen Enclosure</p>",https://cdn.dropshipzone.com.au/media/catalog/product/cache/1/image/265x/a02dd3cf21ece814689a413f5425ba26/V/6/V63-775205-01_1_41.jpg,
V63-775215,380.9,,,,In Stock,25,simple,10 x 1200 Tall Panel Pet Exercise Pen Enclosure,43.39,123,83,17,10 x 1200 Tall Panel Pet Exercise Pen Enclosure,"<p>This ten-panel solidly built play-pen for pets is designed with two customers in mind - you and your pet! It is built to keep the biggest and strongest dogs inside where you want them and where they are safe. But it is also perfect for the small dogs and cats to romp in. The square tube frame allows even the biggest dogs to roll up against it without fear that the structure will collapse. The panels are tall enough that there is no concern about your large dogs jumping over them and escaping. The uniquely designed barn door system allows pet owners easy access without allowing your pets to escape through the same door.</p>
<p>Another fan of the play-pen will be the Mummy dog who can take a breather from her pups and leave them to play and sleep without her. Neither pet owner nor dog mum need worry about the pups being left alone in the secure structure that features an enclosed bottom gate. The pups can be outside alone to get the fresh air they need without having to be attended to every minute. The play-pen offers great flexibility to meet your individual needs. It can be fashioned in a square, rectangular or circular formation.</p>
<p>The play-pen system affords its owners great versatility. It can be set up inside as well as outside. The play-pen can keep your pups confined to the space you want inside to keep your entire household from the total chaos that new pups can engender. The play-pen has a tools-free construction and the ten separate panels can be used to suit your particular design and size requirements.<br /><br />Confining an injured pet in a play-pen will ensure that he does not suffer further injury. A sick dog will feel the comfort of a safe haven when confined in the structure. The play-pen system is convenient and mobile. It collapses to a flat pack that makes travel with your pets effortless and convenient. And its sleek design allows for easy storage when not in use.</p>
<p><strong>Features:</strong></p>
<ul>
<li>Easy assembly - One Person Setup and no Tools Required.</li>
<li>Unique barn door Gate System - provides greater versatility</li>
<li>Ten panel construction</li>
<li>Sleek design for convenience and easy storage</li>
<li>Structure configuration options</li>
<li>Non-marking end caps to prevent scuffing of inside floors</li>
<li>Square Metal Tube Frame</li>
<li>Each Panel is 120cm High and 80cm Wide</li>
</ul>
<p><strong>Package Content:</strong></p>
<ul>
<li>1 x Pet Play-pen</li>
</ul>",https://cdn.dropshipzone.com.au/media/catalog/product/cache/1/image/265x/a02dd3cf21ece814689a413f5425ba26/V/6/V63-775215-01_1_36.jpg,
V63-775305,26.9,,,,In Stock,25,simple,Dog Car Back Seat Cover Hammock Waterproof,2.03,40,29,7,Dog Car Back Seat Cover Hammock Waterproof,"<p>Protect your car seats from unwanted pet stains in the winter with a hammock style cat seat cover for dogs.</p> <p>You love your dog but you don""t want him to damage or soil your car. Now you can protect your car's upholstery from dog hair, drool, dust, dirt and scratches while travelling with your pet.</p> <p>The cover also offers an important safety feature. Stop your dog from leaping from the back to the front seat at just the wrong moment. You can prevent accidents that result from an excited dog trying to get to his master by attaching the cover to front and rear headrests which creating a barrier between the front and back seats.<br /> <br /> Keep your dog safe in the back seat by preventing slipping and sliding. The car seat cover is ideal for larger dogs, and adjusts to fit most vehicles including cars, extended cab trucks, mini-vans and SUVs. For easy cleaning of hair, dirt and dander, you merely have to shake out or brush off the Back Seat Hammock Cover.<br /> <br /> It is quick and easy to attach the hammock car seat cover. Its buckles are designed to attach to your headrest or seat belt fasteners. It is as simple as 1-2-3: set the cover on the seat, attach the buckle enclosure around the headrest, and tuck in the sides.</p> <p><strong>Specifications:</strong></p> <ul> <li>Adjusts to fit most vehicles</li> <li>PVC Waterproof material, non-slip backing and adjustable straps provide a secure fit</li> <li>Velcro slits for seat belts that allows you to attach your dog's harness for extra security and safety</li> <li>Covers the entire back seat - that means no more dirty or damaged seats, no more stubborn dog hair or doggy smells, just a large comfy area for your dog to lie in</li> <li>Machine washable</li> <li>Black in colour</li> <li>Comes in one standard size: 150cm x 140cm</li> </ul> <p><strong>Don""t Delay! Get yours today!</strong></p><p>Package Content:</p>
<p>1 x Dog Car Back Seat Cover Hammock Waterproof</p>",https://cdn.dropshipzone.com.au/media/catalog/product/cache/1/image/265x/a0f4c235c43ec236afb34c428d5d60e0/V/6/V63-775305-02_1_26.jpg,
V63-783925,48.9,,,,In Stock,25,simple,Humane Animal Trap Possum Cage,5.37,,,,Humane Animal Trap Possum Cage,"<p>A completely humane way to trap animals that are invading your property and destroying your lawn and garden is now available!</p>
<p>This totally humane trap will capture animals such as possum, feral cats, rabbits and hares that have invaded your property and are becoming real pests. After you set the trap, our <span>steel trap</span>&nbsp;does the work and without injuring innocent animals.</p>
<p>This humane animal trap is treated with a silver-coated powder that ensures that your trap won""t be rust even in the most severe weather. The trap is easy to assemble and features a spring loaded trap door with a fail-safe locking mechanism. The trap has a protection plate under-carry handle and folds for easy storage.</p>
<p>Eliminate the stress and worry about how to rid your property of unwanted wild animals in an easy, safe and humane way - order our rust-free trap today!</p>
<p><strong>Specifications:</strong></p>
<p>&middot; Dimensions: L-66cm x W-29cm x H-23cm</p>
<p>&middot; Weight 3.5kg</p>
<p>Package Content:</p>
<p>1 x Humane Animal Trap Possum Cage</p>",https://cdn.dropshipzone.com.au/media/catalog/product/cache/1/image/265x/d89a0622c5d95afab611a301a9f740b7/V/6/V63-783925-01_3_34.jpg,
V63-783935,48.9,,,,In Stock,25,simple,Automatic Water Bowl,2.84,,,,Automatic Water Bowl,"<p>Your animals will never be without a source of clean, fresh drinking water with our automatic stainless steel feeder/water trough!</p>
<p>This automatic drinking bowl and water feeder is constructed from stainless steel and features one float</p>
<p>Provide a continuous and reliable source of fresh water for your animals with our automatic stainless steel water trough. This drinking bowl comes equipped with a plastic float mechanism.&nbsp;</p>
<p>The automatic drinking bowl/water feeder is of the highest quality. It is constructed of corrosion-resistant stainless steel. The operation of the drinking bowl requires little attention as it constantly and automatically refills to float level. You can control the amount of the water in the feeder by adjusting the float mechanism to meet your needs.</p>
<p>Your animals will benefit from the constant source of fresh water and leave you free to attend to other tasks. The design of the water bowl slopes back to front which allows easy access for animals. The sloping design also allows for effortless cleaning and maintenance.</p>
<p>The water bows is wall mountable and has a hinged cover to protect the float mechanism.</p>
<p>Take the worry and work out of providing your animals with fresh water. Order our automatic stainless steel water trough today!</p>
<p><strong>Specifications:</strong></p>
<ul>
<li>Rust-resistant stainless steel construction</li>
<li>Wall mountable (bolts not included)</li>
<li>Float mechanism protected by hinged cover</li>
<li>Automatic fill to desired float level</li>
<li>1/2"" BSP fitting allows mounting on left or right side</li>
<li>Dimensions: W 270MM x L 250mm x H 100mm</li>
</ul>
<p>Please note that the water bowl is not designed with a drain.</p>
<p>Package Content:</p>
<p>1 x Automatic Water Bowl</p>",https://cdn.dropshipzone.com.au/media/catalog/product/cache/1/image/265x/26cfb46c9fd10fc2775aa237dfe00379/v/6/v63-783935-05_32.jpg,
V63-784195,148.9,,,,In Stock,25,simple,"36"" Pet Dog Crate with Waterproof Cover",18.8,,,,"36"" Pet Dog Crate with Waterproof Cover","<p>Perfect for transport, travel, or as a semi-permanent outdoor enclosure, the Large 2-Door Pet Dog Crate provides ample space for medium-sized dogs and other animals. And with so many intelligent features, this is much more than just a crate.</p> <p>This enclosure is made from powder-coated black wire metal which provides a quality finish as well as a safe material for your animal. The wire mesh folds up like a suitcase for easy storage. Two different doors - front amd side - deliver maximum access and convenience, particularly with multiple animals when you don't want to let the whole group in or out. Each door features a secure L-shaped latch to prevent accidental openings from shakings or bumps.</p> <p>At 91cm long and 66cm high, this crate is ideal for medium-sized dogs and other animals. The bottom of the crate features a removable metal tray for hassle-free cleaning. And the top features a movable snap handle &mdash; you decide where you want to carry the crate from. Also included in your purchase is a FREE waterproof canvas cover, which is great for outdoor doggy shade, comfort and privacy.</p> <p>Your pet deserves the best! Purchase the Large 2-Door Pet Dog Crate today and save with our everyday low price.</p> <p>Features of the Large 2-Door Pet Dog Crate - 36"" (91cm):</p> <ul> <li>Use for transportation, travel, or as a semi-permanent outdoor enclosure</li> <li>Dimensions: 91 x 60 x 66cm (L x W x H)</li> <li>Made from strong powder-coated wire mesh in black</li> <li>Folds up for compact storage</li> <li>Two doors - Front and Side - for maximum versatility</li> <li>Secure L-shaped latches on all doors prevent accidental openings</li> <li>Removable metal tray for easy cleaning</li> <li>Movable snap handle to assist in transport</li> <li>FREE waterproof canvas cover included with your purchase</li> <li>Straightforward no-tools assembly</li> </ul><p>Package Content:</p>
<p>1 x 36"" Pet Dog Crate with Waterproof Cover</p>",https://cdn.dropshipzone.com.au/media/catalog/product/cache/1/image/265x/a5766974ae5c1cbf8c4c3396cf8126e4/V/6/V63-784195-04_4_13.jpg,
V63-784205,48.9,,,,In Stock,25,simple,Heavy Duty Waterproof Dog Bed - Small,5.85,,,,Heavy Duty Waterproof Dog Bed - Small,"<p>Dog beds are notorious for falling apart after only moderate use. The Heavy Duty Indoor/Outdoor Dog Bed uses high-quality fabric and materials for a bed that's ready for everything your dog can throw at it, indoors or outdoors.</p> <p>This bed for medium-sized dogs measures L60cm x 48cm x H18cm. It's made from an extra-tough and waterproof 600 denier Oxford canvas, which is durable enough for outdoor use yet comfy enough to provide plenty of pleasant dreams. The fabric comes in a black canvas with white piping, a handsome combination for most any existing colour scheme.</p> <p>The poly-cotton cushion is removable for washing thanks to a safety-concealed zipper, and the cushion itself is segmented to provide even cushioning no matter where the dog rests.</p> <p>The Heavy Duty Indoor/Outdoor Dog Bed is truly fit for a doggy king (or queen). Order today and save today with our everyday low price.</p> <p>Features of the Heavy Duty Indoor/Outdoor Dog Bed:</p> <p>*Made from extra-tough 600 denier Oxford canvas</p> <p>*Waterproof and suitable for indoor or outdoor use</p> <p>*Colour: black canvas with white piping</p> <p>*Dimensions: L60cm x 48cm x H18cm</p> <p>*Comfy segmented poly-cotton cushion</p> <p>*Cushion is removable for easy cleaning</p><p>Package Content:</p>
<p>1 x Heavy Duty Waterproof Dog Bed - Small</p>",https://cdn.dropshipzone.com.au/media/catalog/product/cache/1/image/265x/8319a2329faace96a46aab44a9d7a8e7/6/0/609b8ce4b1ff3_41.jpg,
V63-784215,80.9,,,,In Stock,25,simple,Heavy Duty Waterproof Dog Bed - Medium,10.59,,,,Heavy Duty Waterproof Dog Bed - Medium,"<p>Dog beds are notorious for falling apart after only moderate use. The Heavy Duty Indoor/Outdoor Dog Bed uses high-quality fabric and materials for a bed that's ready for everything your dog can throw at it, indoors or outdoors.</p> <p>This bed for medium-sized dogs measures L80cm x 64cm x H20cm. It's made from an extra-tough and waterproof 600 denier Oxford canvas, which is durable enough for outdoor use yet comfy enough to provide plenty of pleasant dreams. The fabric comes in a black canvas with white piping, a handsome combination for most any existing colour scheme.</p> <p>The poly-cotton cushion is removable for washing thanks to a safety-concealed zipper, and the cushion itself is segmented to provide even cushioning no matter where the dog rests.</p> <p>The Heavy Duty Indoor/Outdoor Dog Bed is truly fit for a doggy king (or queen). Order today and save today with our everyday low price.</p> <p>Features of the Heavy Duty Indoor/Outdoor Dog Bed:</p> <p>*Made from extra-tough 600 denier Oxford canvas</p> <p>*Waterproof and suitable for indoor or outdoor use</p> <p>*Colour: black canvas with white piping</p> <p>*Dimensions: L80cm x 64cm x H20cm</p> <p>*Comfy segmented poly-cotton cushion</p> <p>*Cushion is removable for easy cleaning</p><p>Package Content:</p>
<p>1 x Heavy Duty Waterproof Dog Bed - Medium</p>",https://cdn.dropshipzone.com.au/media/catalog/product/cache/1/image/265x/0e493772d57f099d86e7e3e083fa3e00/6/0/609b8ccb945bc_44.jpg,
V63-834401,106.9,,,,In Stock,25,simple,140cm Cat Tree Scratching Post Scratcher Tower Condo House Furniture Wood,20.32,42.5,25.5,18.28,140cm Cat Tree Scratching Post Scratcher Tower Condo House Furniture Wood,"<p>Give your kitties a holiday every day of the year with this relaxing cat condo by Randy & Travis Machinery. With multiple layers of fun, your cats will never get bored. Just underneath the first platform, a hammock gives your cat a spot to chill out, while a ladder allows Kitty easy access to the &lsquo;private room' on the first level. Across from the room, a cosy, carpet-lined bowl gives your cat a place to curl up and observe the world. Over that, another platform gives your cat a place to leap to the cylindrical hideaway just above. On the very top, an open box provides a panoramic view of your home.</p> <p>Made from natural fir wood and natural sisal and covered with plush grey carpeting, this deluxe condo puts your kitties in the lap of luxury. It's a great choice if you have multiple cats &ndash; it can hold up to 80 kilogrammes. No formaldehyde is used in its manufacture, so you'll never have to worry about toxic fumes in your home. It's odour-free and is as sturdy as a cat condo can be. Made from thick boards and poles, it's sturdy and durable. Its neutral colour palette blends well with most interior colour schemes. Make your cats happy campers for years to come. Get your cat condo today!</p> <p><strong>Features and specifications:</strong></p> <ul> <li>Material: Fir timber, natural sisal, and plush carpeting</li> <li>Colour: Grey and off-white</li> <li>Weight capacity: 25kg</li> <li>Dimensions: 75 x 40 x 140cm (L x W x H)</li> <li>Accessories: Assembly manual</li> <li>Keeps cats' claws sharp</li> <li>Protects your furniture</li> <li>Provides cats with needed exercise to maintain better health</li> <li>Formaldehyde-free</li> <li>Eco-friendly</li> <li>Made from sustainable materials</li> <li>Sturdy and durable</li> </ul>",https://cdn.dropshipzone.com.au/media/catalog/product/cache/1/image/265x/80dd2bd087f9e566e928c10b0f6a87b8/V/6/V63-834401-08_15.jpg,
V63-834421,85.9,,,,In Stock,25,simple,132cm Cat Tree Scratching Post Scratcher Tower Condo House Furniture Wood - Grey,14.96,51,23,15.07,132cm Cat Tree Scratching Post Scratcher Tower Condo House Furniture Wood - Grey,"<p>Give your cats the best gift you can give them &ndash; a place they can call their own. Indulge cats' independent nature with their own kitty condo from Randy & Travis Machinery. With multiple levels of fun and relaxation, your cats will live large. Crafted from the finest natural fir, rugged sisal, and plush carpeting, this condo provides your cats with all the exercise they need, two private &lsquo;rooms' to get away from the hustle and bustle, and scratching posts to keep their claws sharp without damaging your furniture. Its neutral grey and off-white colour palette complements practically any home d&eacute;cor.</p> <p>This cat condo is as durable as it is beautiful. With nine strands of rugged sisal wrapped around the scratching posts and thick boards and posts, it's designed to last for years. No formaldehyde is used in its manufacture, so you'll never have to worry about foul odours or toxic fumes in your home. With all the activities and climbing your cats will enjoy, they'll maintain a healthy weight. With a weight capacity of 25kg and a variety of perches, it's perfect for a multi-cat household. Don't wait until your cat scratches your best sofa to buy your pets a place of their own. Order your cat condo today!</p> <p><strong>Features and specifications:</strong></p> <ul> <li>Material: Fir timber, natural sisal, and plush carpeting</li> <li>Colour: Grey and Off-white</li> <li>Weight capacity: 25kg</li> <li>Dimensions: 50 x 50 x 132cm (L x W x H)</li> <li>Eco-friendly</li> <li>Formaldehyde-free</li> <li>Sturdy and durable</li> <li>Soft, comfortable, and odourless</li> <li>Sharpens cats' claws and provides exercise</li> <li>Protects your furniture from scratches</li> <li>Great choice for multi-cat homes</li> </ul> <p><strong>Attributes:</strong></p><ul><li>Colour: Grey</li></ul>",https://cdn.dropshipzone.com.au/media/catalog/product/cache/1/image/265x/e8a712e243e5d549f26c3c6169793dbd/V/6/V63-834421-12_15.jpg,
V160-1001151,31.9,,,,In Stock,50,simple,"Sprint Industries Reversible Slipover Pet Couch Sofa Cover Protector Armchair Love Seat Chocolate, Charcoal",1.89,36,30,7,"Sprint Industries Reversible Slipover Pet Couch Sofa Cover Protector Armchair Love Seat Chocolate, Charcoal","<p><strong>Combine functionality and aesthetics together, with the Sprint Reversible Pet Sofa Cover! </strong></p>
<p>This pet sofa cover keeps your sofa clean and free from unwanted mess. It reduces the potential for your pets to scratch and gnaw while keeping fur off the couch.
<br>
<br>
The reversible cover feature of the pet sofa cover allows you to switch between two colours to best fit your decor.</p>
<p><strong>Features:</strong></p>
<ul>
<li>Brand: Sprint Industries</li>
<li>Keeps your sofa clean and free from unwanted mess or damage</li>
<li>Reversible design (Chocolate and Charcoal)</li>
<li>Easy to put on and take off</li>
<li>Machine-washable</li>
<li>Colour: Front: Chocolate/ Reverse: Charcoal</li>
<li>Material: Polyester Suede</li>
</ul>
<p><strong>Size and Style:</strong></p>
<ul>
<li>Single Chair Size: 55cm x 155cm x 168cm</li>
<li>Love Seat Size: 115cm x 215cm x 168cm</li>
</ul>
<p><strong>Package Contents:</strong></p>
<ul>
<li>1 x Reversible Pet Sofa Cover </li>
</ul>",https://cdn.dropshipzone.com.au/media/catalog/product/cache/1/image/265x/f41167d95a8ee0de12e318c551e299ce/1/0/1001151_2_12.jpg,
FIK-WIRE-LOCK-500M,43.4,36.89,7/12/2021 0:00,18/12/2021 0:00,In Stock,200,simple,Giantz Electric Fence Wire 500M Fencing Roll Energiser Poly Stainless Steel,2.4,16,16,30,Giantz Electric Fence Wire 500M Fencing Roll Energiser Poly Stainless Steel,"<p>500M Polytape</p>
<p>Want to improve the visibility of your electric fence? Then this 12mm wide Red and White Polytape is all you need.</p>
<p></p>
<p>Electric fences are designed to keep pets and livestock contained, and our polywire is the perfect solution. Its superior strength keeps your fence strong and secure and the use of red and white increases visibility and prevents accidental contact from livestock. Rest assured that your livestock will be kept where they belong at all times</p>
<p></p>
<p>Need it now or even in the future? Order now to guarantee your supply!</p>




<p><strong>Features:</strong><br />
Highly visible red and white tape<br />
Compatible with fence energiser<br />
9 strands of 0.15mm stainless steel<br />
Tightly wound and UV stabilised<br />
Antirust and high conductivity stainless steel wire<br />
Ideal for livestock fencing and control grazing<br />
</p>



<p><strong>Specifications:</strong><br />
Length: 500m/roll<br />
Width: 2.3mm<br />
Strand: 9 x 0.15MM stainless steel wire<br />
Electrical resistance: 4.8Ω OHMS<br />
Coating: UV treated<br />
Colour: Red &amp; white<br />
</p>



<p><strong>Package Content:</strong><br />
1 x 500M Polytape <br />
25 x Pin lock insulator <br />
</p>











",https://cdn.dropshipzone.com.au/media/catalog/product/cache/1/image/265x/099fa678f2a0163b23640a65d69cf197/F/I/FIK-WIRE-LOCK-500M-00.jpg,
FIK-TAPE-LOCK-400M,43.4,32.55,7/12/2021 0:00,18/12/2021 0:00,In Stock,200,simple,Giantz Electric Fence Wire 400M Tape Fencing Roll Energiser Poly Stainless Steel,2.7,25,25,27,Giantz Electric Fence Wire 400M Tape Fencing Roll Energiser Poly Stainless Steel,"<p>400M Polytape</p>
<p></p>
<p>Want to improve the visibility of your electric fence? Then this 12mm wide Red and White Polytape is all you need.</p>
<p></p>
<p>Electric fences are designed to keep pets and livestock contained, and our polywire is the perfect solution. Its superior strength keeps your fence strong and secure and the use of red and white increases visibility and prevents accidental contact from livestock. Rest assured that your livestock will be kept where they belong at all times</p>
<p></p>
<p>Need it now or even in the future? Order now to guarantee your supply!</p>




<p><strong>Features:</strong><br />
Highly visible red and white tape<br />
Compatible with fence energiser<br />
5 strands of 0.20mm stainless steel<br />
Tightly wound and UV stabilised<br />
Antirust and high conductivity stainless steel wire<br />
Ideal for livestock fencing and control grazing<br />
</p>



<p><strong>Specifications:</strong><br />
Length: 400m/roll<br />
Width: 12mm<br />
Strand: 5 x 0.2MM stainless steel wire<br />
Electrical resistance: 5.3Ω OHMS<br />
Coating: UV treated<br />
Colour: Red &amp; white<br />
</p>



<p><strong>Package Content:</strong><br />
1 x 400M Polytape <br />
25 x Pin lock insulator <br />
</p>











",https://cdn.dropshipzone.com.au/media/catalog/product/cache/1/image/265x/74048485007724e368968b8a0208530a/F/I/FIK-TAPE-LOCK-400M-00.jpg,
PET-BED-D110-CO,87.9,,,,In Stock,24,simple,Pet Bed Dog Cat Calming Bed Extra Large 110cm Charcoal Sleeping Comfy Washable,5.04,58.6,48.3,28.3,Pet Bed Dog Cat Calming Bed Extra Large 110cm Charcoal Sleeping Comfy Washable,"<p>Every pet deserves a safe and comfortable resting place. And our Pet Bed is just perfect to have your precious pet dog living and sleeping in incredible comfort. Made of a soft and durable material, our pet bed also helps to prevent the presence of fleas and bacteria within it. The material texture is super-skin-friendly and non-toxic too. Plus, it enables your pet to have better sleep and relaxation. And that simply means a healthier and happier pet. The non-slip base ensures that the pet bed is never out of place through robust use. Not least, the pet bed is easy to clean with a washable and removable cover. With its unrivalled quality and snug fit, our pet bed is definitely one that your pet will love in more ways than one. Available in a variety of colours.</p>




<p><strong>Features:</strong><br />
Non-slip bottom <br />
Washable/ Removable cover <br />
Soft material with flea and bacteria prevention<br />
<br />
</p>



<p><strong>Specifications:</strong><br />
Size: Extra large<br />
Colour: Charcoal<br />
Outer: 110cm<br />
Inner: 70cm<br />
Height: 25cm<br />
Fit for pets of ≤ 36kg<br />
Surface material: Polyester<br />
Filling material: Polypropylene cotton<br />
</p>



<p><strong>Package Content:</strong><br />
1 x Pet Bed <br />
</p>











",https://cdn.dropshipzone.com.au/media/catalog/product/cache/1/image/265x/dac2b231be7215b8b2101115a7dc9364/P/E/PET-BED-D110-CO-00.jpg,
PET-BED-D110-DKGR,87.9,,,,In Stock,70,simple,Pet Bed Dog Cat Calming Bed Extra Large 110cm Dark Grey Sleeping Comfy Washable,5.11,58.4,47.9,29.5,Pet Bed Dog Cat Calming Bed Extra Large 110cm Dark Grey Sleeping Comfy Washable,"<p>Every pet deserves a safe and comfortable resting place. And our Pet Bed is just perfect to have your precious pet dog living and sleeping in incredible comfort. Made of a soft and durable material, our pet bed also helps to prevent the presence of fleas and bacteria within it. The material texture is super-skin-friendly and non-toxic too. Plus, it enables your pet to have better sleep and relaxation. And that simply means a healthier and happier pet. The non-slip base ensures that the pet bed is never out of place through robust use. Not least, the pet bed is easy to clean with a washable and removable cover. With its unrivalled quality and snug fit, our pet bed is definitely one that your pet will love in more ways than one. Available in a variety of colours.</p>




<p><strong>Features:</strong><br />
Non-slip bottom <br />
Washable/ Removable cover <br />
Soft material with flea and bacteria prevention<br />
<br />
</p>



<p><strong>Specifications:</strong><br />
Size: Extra large<br />
Colour: Dark Grey<br />
Outer: 110cm<br />
Inner: 70cm<br />
Height: 25cm<br />
Fit for pets of ≤ 36kg<br />
Surface material: Polyester<br />
Filling material: Polypropylene cotton<br />
</p>



<p><strong>Package Content:</strong><br />
1 x Pet Bed <br />
</p>











",https://cdn.dropshipzone.com.au/media/catalog/product/cache/1/image/265x/770692d50c9f6fbb9be7089d756e42f6/P/E/PET-BED-D110-DKGR-00.jpg,
PET-BED-D110-LTGR,87.9,,,,In Stock,52,simple,Pet Bed Dog Cat Calming Bed Extra Large 110cm Light Grey Sleeping Comfy Washable,5.16,57.8,47.4,29.8,Pet Bed Dog Cat Calming Bed Extra Large 110cm Light Grey Sleeping Comfy Washable,"<p>Every pet deserves a safe and comfortable resting place. And our Pet Bed is just perfect to have your precious pet dog living and sleeping in incredible comfort. Made of a soft and durable material, our pet bed also helps to prevent the presence of fleas and bacteria within it. The material texture is super-skin-friendly and non-toxic too. Plus, it enables your pet to have better sleep and relaxation. And that simply means a healthier and happier pet. The non-slip base ensures that the pet bed is never out of place through robust use. Not least, the pet bed is easy to clean with a washable and removable cover. With its unrivalled quality and snug fit, our pet bed is definitely one that your pet will love in more ways than one. Available in a variety of colours.</p>




<p><strong>Features:</strong><br />
Non-slip bottom <br />
Washable/ Removable cover <br />
Soft material with flea and bacteria prevention<br />
<br />
</p>



<p><strong>Specifications:</strong><br />
Size: Extra large<br />
Colour: Light Grey<br />
Outer: 110cm<br />
Inner: 70cm<br />
Height: 25cm<br />
Fit for pets of ≤ 36kg<br />
Surface material: Polyester<br />
Filling material: Polypropylene cotton<br />
</p>



<p><strong>Package Content:</strong><br />
1 x Pet Bed <br />
</p>











",https://cdn.dropshipzone.com.au/media/catalog/product/cache/1/image/265x/a7452562c5c1d1fe2c215d3b3df30b17/P/E/PET-BED-D110-LTGR-00.jpg,
PET-BED-D110-PK,87.9,,,,In Stock,19,simple,Pet Bed Dog Cat Calming Bed Extra Large 110cm Pink Sleeping Comfy Washable,5.11,57.6,48,29.3,Pet Bed Dog Cat Calming Bed Extra Large 110cm Pink Sleeping Comfy Washable,"<p>Every pet deserves a safe and comfortable resting place. And our Pet Bed is just perfect to have your precious pet dog living and sleeping in incredible comfort. Made of a soft and durable material, our pet bed also helps to prevent the presence of fleas and bacteria within it. The material texture is super-skin-friendly and non-toxic too. Plus, it enables your pet to have better sleep and relaxation. And that simply means a healthier and happier pet. The non-slip base ensures that the pet bed is never out of place through robust use. Not least, the pet bed is easy to clean with a washable and removable cover. With its unrivalled quality and snug fit, our pet bed is definitely one that your pet will love in more ways than one. Available in a variety of colours.</p>




<p><strong>Features:</strong><br />
Non-slip bottom <br />
Washable/ Removable cover <br />
Soft material with flea and bacteria prevention<br />
<br />
</p>



<p><strong>Specifications:</strong><br />
Size: Extra large<br />
Colour: Pink<br />
Outer: 110cm<br />
Inner: 70cm<br />
Height: 25cm<br />
Fit for pets of ≤ 36kg<br />
Surface material: Polyester<br />
Filling material: Polypropylene cotton<br />
</p>



<p><strong>Package Content:</strong><br />
1 x Pet Bed <br />
</p>











",https://cdn.dropshipzone.com.au/media/catalog/product/cache/1/image/265x/e3f783a377fe03e63c5a73da0817b98f/P/E/PET-BED-D110-PK-00.jpg,
PET-BED-D110-WHBR,87.9,,,,In Stock,48,simple,Pet Bed Dog Cat Calming Bed Extra Large 110cm White Sleeping Comfy Washable,5.11,57.3,47.3,29.8,Pet Bed Dog Cat Calming Bed Extra Large 110cm White Sleeping Comfy Washable,"<p>Every pet deserves a safe and comfortable resting place. And our Pet Bed is just perfect to have your precious pet dog living and sleeping in incredible comfort. Made of a soft and durable material, our pet bed also helps to prevent the presence of fleas and bacteria within it. The material texture is super-skin-friendly and non-toxic too. Plus, it enables your pet to have better sleep and relaxation. And that simply means a healthier and happier pet. The non-slip base ensures that the pet bed is never out of place through robust use. Not least, the pet bed is easy to clean with a washable and removable cover. With its unrivalled quality and snug fit, our pet bed is definitely one that your pet will love in more ways than one. Available in a variety of colours.</p>




<p><strong>Features:</strong><br />
Non-slip bottom <br />
Washable/ Removable cover <br />
Soft material with flea and bacteria prevention<br />
<br />
</p>



<p><strong>Specifications:</strong><br />
Size: Extra large<br />
Colour: White with scattered Brown<br />
Outer: 110cm<br />
Inner: 70cm<br />
Height: 25cm<br />
Fit for pets of ≤ 36kg<br />
Surface material: Polyester<br />
Filling material: Polypropylene cotton<br />
</p>



<p><strong>Package Content:</strong><br />
1 x Pet Bed <br />
</p>











",https://cdn.dropshipzone.com.au/media/catalog/product/cache/1/image/265x/47614c04ae486c23aa5f9d7474e67af4/P/E/PET-BED-D110-WHBR-00.jpg,
PET-BED-D90-PK,75.6,,,,In Stock,50,simple,Pet Bed Dog Cat Calming Bed Large 90cm Pink Sleeping Comfy Cave Washable,3.99,48.5,44.8,26.9,Pet Bed Dog Cat Calming Bed Large 90cm Pink Sleeping Comfy Cave Washable,"<p>Every pet deserves a safe and comfortable resting place. And our Pet Bed is just perfect to have your precious pet dog living and sleeping in incredible comfort. Made of a soft and durable material, our pet bed also helps to prevent the presence of fleas and bacteria within it. The material texture is super-skin-friendly and non-toxic too. Plus, it enables your pet to have better sleep and relaxation. And that simply means a healthier and happier pet. The non-slip base ensures that the pet bed is never out of place through robust use. Not least, the pet bed is easy to clean with a washable and removable cover. With its unrivalled quality and snug fit, our pet bed is definitely one that your pet will love in more ways than one. Available in a variety of colours.</p>




<p><strong>Features:</strong><br />
Non-slip bottom <br />
Washable/ Removable cover <br />
Soft material with flea and bacteria prevention<br />
<br />
</p>



<p><strong>Specifications:</strong><br />
Size: Large<br />
Colour:Pink<br />
Outer: 90cm<br />
Inner: 60cm<br />
Height: 25cm<br />
Fit for pets of ≤ 25kg<br />
Surface material: Polyester<br />
Filling material: Polypropylene cotton<br />
</p>



<p><strong>Package Content:</strong><br />
1 x Pet Bed <br />
</p>











",https://cdn.dropshipzone.com.au/media/catalog/product/cache/1/image/265x/99ba23c1b3c4651feef8dc4382d4de89/P/E/PET-BED-D90-PK-00.jpg,
PET-BED-D90-CO,75.6,,,,In Stock,49,simple,Pet Bed Dog Cat Calming Bed Large 90cm Charcoal Sleeping Comfy Cave Washable,3.91,48.8,44.6,26.8,Pet Bed Dog Cat Calming Bed Large 90cm Charcoal Sleeping Comfy Cave Washable,"<p>Every pet deserves a safe and comfortable resting place. And our Pet Bed is just perfect to have your precious pet dog living and sleeping in incredible comfort. Made of a soft and durable material, our pet bed also helps to prevent the presence of fleas and bacteria within it. The material texture is super-skin-friendly and non-toxic too. Plus, it enables your pet to have better sleep and relaxation. And that simply means a healthier and happier pet. The non-slip base ensures that the pet bed is never out of place through robust use. Not least, the pet bed is easy to clean with a washable and removable cover. With its unrivalled quality and snug fit, our pet bed is definitely one that your pet will love in more ways than one. Available in a variety of colours.</p>




<p><strong>Features:</strong><br />
Non-slip bottom <br />
Washable/ Removable cover <br />
Soft material with flea and bacteria prevention<br />
<br />
</p>



<p><strong>Specifications:</strong><br />
Size: Large<br />
Colour:Charcoal<br />
Outer: 90cm<br />
Inner: 60cm<br />
Height: 25cm<br />
Fit for pets of ≤ 25kg<br />
Surface material: Polyester<br />
Filling material: Polypropylene cotton<br />
</p>



<p><strong>Package Content:</strong><br />
1 x Pet Bed <br />
</p>











",https://cdn.dropshipzone.com.au/media/catalog/product/cache/1/image/265x/d835f3c74a3cefb28e0f729a46df7f67/P/E/PET-BED-D90-CO-00.jpg,
PET-BED-D90-DKGR,75.6,,,,In Stock,74,simple,Pet Bed Dog Cat Calming Bed Large 90cm Dark Grey Sleeping Comfy Cave Washable,4.02,49.5,44.5,26.9,Pet Bed Dog Cat Calming Bed Large 90cm Dark Grey Sleeping Comfy Cave Washable,"<p>Every pet deserves a safe and comfortable resting place. And our Pet Bed is just perfect to have your precious pet dog living and sleeping in incredible comfort. Made of a soft and durable material, our pet bed also helps to prevent the presence of fleas and bacteria within it. The material texture is super-skin-friendly and non-toxic too. Plus, it enables your pet to have better sleep and relaxation. And that simply means a healthier and happier pet. The non-slip base ensures that the pet bed is never out of place through robust use. Not least, the pet bed is easy to clean with a washable and removable cover. With its unrivalled quality and snug fit, our pet bed is definitely one that your pet will love in more ways than one. Available in a variety of colours.</p>




<p><strong>Features:</strong><br />
Non-slip bottom <br />
Washable/ Removable cover <br />
Soft material with flea and bacteria prevention<br />
<br />
</p>



<p><strong>Specifications:</strong><br />
Size: Large<br />
Colour:Dark Grey<br />
Outer: 90cm<br />
Inner: 60cm<br />
Height: 25cm<br />
Fit for pets of ≤ 25kg<br />
Surface material: Polyester<br />
Filling material: Polypropylene cotton<br />
</p>



<p><strong>Package Content:</strong><br />
1 x Pet Bed <br />
</p>











",https://cdn.dropshipzone.com.au/media/catalog/product/cache/1/image/265x/f656eb2dcca377476f8569196ed8ba07/P/E/PET-BED-D90-DKGR-00.jpg,
PET-BED-D90-LTGR,75.6,,,,In Stock,47,simple,Pet Bed Dog Cat Calming Bed Large 90cm Light Grey Sleeping Comfy Cave Washable,4.02,49.1,44.5,26.9,Pet Bed Dog Cat Calming Bed Large 90cm Light Grey Sleeping Comfy Cave Washable,"<p>Every pet deserves a safe and comfortable resting place. And our Pet Bed is just perfect to have your precious pet dog living and sleeping in incredible comfort. Made of a soft and durable material, our pet bed also helps to prevent the presence of fleas and bacteria within it. The material texture is super-skin-friendly and non-toxic too. Plus, it enables your pet to have better sleep and relaxation. And that simply means a healthier and happier pet. The non-slip base ensures that the pet bed is never out of place through robust use. Not least, the pet bed is easy to clean with a washable and removable cover. With its unrivalled quality and snug fit, our pet bed is definitely one that your pet will love in more ways than one. Available in a variety of colours.</p>




<p><strong>Features:</strong><br />
Non-slip bottom <br />
Washable/ Removable cover <br />
Soft material with flea and bacteria prevention<br />
<br />
</p>



<p><strong>Specifications:</strong><br />
Size: Large<br />
Colour:Light Grey<br />
Outer: 90cm<br />
Inner: 60cm<br />
Height: 25cm<br />
Fit for pets of ≤ 25kg<br />
Surface material: Polyester<br />
Filling material: Polypropylene cotton<br />
</p>



<p><strong>Package Content:</strong><br />
1 x Pet Bed <br />
</p>











",https://cdn.dropshipzone.com.au/media/catalog/product/cache/1/image/265x/e6e8f68f31856c6edd1c2518f1d3d6ad/P/E/PET-BED-D90-LTGR-00.jpg,
PET-BED-D60-CO,40.4,,,,In Stock,36,simple,Pet Bed Dog Cat Calming Bed Small 60cm Charcoal Sleeping Comfy Cave Washable,1.82,55.4,28.5,18.2,Pet Bed Dog Cat Calming Bed Small 60cm Charcoal Sleeping Comfy Cave Washable,"<p>Every pet deserves a safe and comfortable resting place. And our Pet Bed is just perfect to have your precious pet dog living and sleeping in incredible comfort. Made of a soft and durable material, our pet bed also helps to prevent the presence of fleas and bacteria within it. The material texture is super-skin-friendly and non-toxic too. Plus, it enables your pet to have better sleep and relaxation. And that simply means a healthier and happier pet. The non-slip base ensures that the pet bed is never out of place through robust use. Not least, the pet bed is easy to clean with a washable and removable cover. With its unrivalled quality and snug fit, our pet bed is definitely one that your pet will love in more ways than one. Available in a variety of colours.</p>




<p><strong>Features:</strong><br />
Non-slip bottom <br />
Washable/ Removable cover <br />
Soft material with flea and bacteria prevention<br />
<br />
</p>



<p><strong>Specifications:</strong><br />
Size: Small<br />
Colour: Charcoal<br />
Outer: 60cm<br />
Inner: 30cm<br />
Height: 25cm<br />
Weight capacity of pets ≤ 5kg<br />
Surface material: Polyester<br />
Filling material: Polypropylene cotton<br />
</p>



<p><strong>Package Content:</strong><br />
1 x Pet Bed<br />
</p>











",https://cdn.dropshipzone.com.au/media/catalog/product/cache/1/image/265x/1da6a57a11f22670b74e1e6020b86c2d/P/E/PET-BED-D60-CO-00.jpg,
PET-BED-D60-DKGR,40.4,,,,In Stock,47,simple,Pet Bed Dog Cat Calming Bed Small 60cm Dark Grey Sleeping Comfy Cave Washable,1.83,55.9,28,17.9,Pet Bed Dog Cat Calming Bed Small 60cm Dark Grey Sleeping Comfy Cave Washable,"<p>Every pet deserves a safe and comfortable resting place. And our Pet Bed is just perfect to have your precious pet dog living and sleeping in incredible comfort. Made of a soft and durable material, our pet bed also helps to prevent the presence of fleas and bacteria within it. The material texture is super-skin-friendly and non-toxic too. Plus, it enables your pet to have better sleep and relaxation. And that simply means a healthier and happier pet. The non-slip base ensures that the pet bed is never out of place through robust use. Not least, the pet bed is easy to clean with a washable and removable cover. With its unrivalled quality and snug fit, our pet bed is definitely one that your pet will love in more ways than one. Available in a variety of colours.</p>




<p><strong>Features:</strong><br />
Non-slip bottom <br />
Washable/ Removable cover <br />
Soft material with flea and bacteria prevention<br />
<br />
</p>



<p><strong>Specifications:</strong><br />
Size: Small<br />
Colour: Dark Grey<br />
Outer: 60cm<br />
Inner: 30cm<br />
Height: 25cm<br />
Weight capacity of pets ≤ 5kg<br />
Surface material: Polyester<br />
Filling material: Polypropylene cotton<br />
</p>



<p><strong>Package Content:</strong><br />
1 x Pet Bed <br />
</p>











",https://cdn.dropshipzone.com.au/media/catalog/product/cache/1/image/265x/a3ac95f75162d013007e9c4900c757bf/P/E/PET-BED-D60-DKGR-00.jpg,
PET-BED-D60-LTGR,40.4,,,,In Stock,35,simple,Pet Bed Dog Cat Calming Bed Small 60cm Light Grey Sleeping Comfy Cave Washable,1.82,55.3,28.6,18.1,Pet Bed Dog Cat Calming Bed Small 60cm Light Grey Sleeping Comfy Cave Washable,"<p>Every pet deserves a safe and comfortable resting place. And our Pet Bed is just perfect to have your precious pet dog living and sleeping in incredible comfort. Made of a soft and durable material, our pet bed also helps to prevent the presence of fleas and bacteria within it. The material texture is super-skin-friendly and non-toxic too. Plus, it enables your pet to have better sleep and relaxation. And that simply means a healthier and happier pet. The non-slip base ensures that the pet bed is never out of place through robust use. Not least, the pet bed is easy to clean with a washable and removable cover. With its unrivalled quality and snug fit, our pet bed is definitely one that your pet will love in more ways than one. Available in a variety of colours.</p>




<p><strong>Features:</strong><br />
Non-slip bottom <br />
Washable/ Removable cover <br />
Soft material with flea and bacteria prevention<br />
<br />
</p>



<p><strong>Specifications:</strong><br />
Size: Small<br />
Colour: Light Grey<br />
Outer: 60cm<br />
Inner: 30cm<br />
Height: 25cm<br />
Weight capacity of pets ≤ 5kg<br />
Surface material: Polyester<br />
Filling material: Polypropylene cotton<br />
</p>



<p><strong>Package Content:</strong><br />
1 x Pet Bed <br />
</p>











",https://cdn.dropshipzone.com.au/media/catalog/product/cache/1/image/265x/0c4c8fb5d987d1ad66a43e29dea00e63/P/E/PET-BED-D60-LTGR-00.jpg,
PET-BED-D60-PK,40.4,,,,In Stock,48,simple,Pet Bed Dog Cat Calming Bed Small 60cm Pink Sleeping Comfy Cave Washable,1.82,55.4,28.6,18.1,Pet Bed Dog Cat Calming Bed Small 60cm Pink Sleeping Comfy Cave Washable,"<p>Every pet deserves a safe and comfortable resting place. And our Pet Bed is just perfect to have your precious pet dog living and sleeping in incredible comfort. Made of a soft and durable material, our pet bed also helps to prevent the presence of fleas and bacteria within it. The material texture is super-skin-friendly and non-toxic too. Plus, it enables your pet to have better sleep and relaxation. And that simply means a healthier and happier pet. The non-slip base ensures that the pet bed is never out of place through robust use. Not least, the pet bed is easy to clean with a washable and removable cover. With its unrivalled quality and snug fit, our pet bed is definitely one that your pet will love in more ways than one. Available in a variety of colours.</p>




<p><strong>Features:</strong><br />
Non-slip bottom <br />
Washable/ Removable cover <br />
Soft material with flea and bacteria prevention<br />
<br />
</p>



<p><strong>Specifications:</strong><br />
Size: Small<br />
Colour: Pink<br />
Outer: 60cm<br />
Inner: 30cm<br />
Height: 25cm<br />
Weight capacity of pets ≤ 5kg<br />
Surface material: Polyester<br />
Filling material: Polypropylene cotton<br />
</p>



<p><strong>Package Content:</strong><br />
1 x Pet Bed <br />
</p>











",https://cdn.dropshipzone.com.au/media/catalog/product/cache/1/image/265x/b2dcdeff125625542808ea9868edc9ba/P/E/PET-BED-D60-PK-00.jpg,
PET-BED-D60-TE,40.4,,,,In Stock,46,simple,Pet Bed Dog Cat Calming Bed Small 60cm Teal Sleeping Comfy Cave Washable,1.82,55.4,28.7,18.1,Pet Bed Dog Cat Calming Bed Small 60cm Teal Sleeping Comfy Cave Washable,"<p>Every pet deserves a safe and comfortable resting place. And our Pet Bed is just perfect to have your precious pet dog living and sleeping in incredible comfort. Made of a soft and durable material, our pet bed also helps to prevent the presence of fleas and bacteria within it. The material texture is super-skin-friendly and non-toxic too. Plus, it enables your pet to have better sleep and relaxation. And that simply means a healthier and happier pet. The non-slip base ensures that the pet bed is never out of place through robust use. Not least, the pet bed is easy to clean with a washable and removable cover. With its unrivalled quality and snug fit, our pet bed is definitely one that your pet will love in more ways than one. Available in a variety of colours.</p>




<p><strong>Features:</strong><br />
Non-slip bottom <br />
Washable/ Removable cover <br />
Soft material with flea and bacteria prevention<br />
<br />
</p>



<p><strong>Specifications:</strong><br />
Size: Small<br />
Colour: Teal<br />
Outer: 60cm<br />
Inner: 30cm<br />
Height: 25cm<br />
Weight capacity of pets ≤ 5kg<br />
Surface material: Polyester<br />
Filling material: Polypropylene cotton<br />
</p>



<p><strong>Package Content:</strong><br />
1 x Pet Bed<br />
</p>











",https://cdn.dropshipzone.com.au/media/catalog/product/cache/1/image/265x/e5d5a63ec2000c30be97ded596ec7c2e/P/E/PET-BED-D60-TE-00.jpg,
PET-BED-D60-WHBR,40.4,,,,In Stock,36,simple,Pet Bed Dog Cat Calming Bed Small 60cm White Sleeping Comfy Cave Washable,1.83,55.5,28.5,17.8,Pet Bed Dog Cat Calming Bed Small 60cm White Sleeping Comfy Cave Washable,"<p>Every pet deserves a safe and comfortable resting place. And our Pet Bed is just perfect to have your precious pet dog living and sleeping in incredible comfort. Made of a soft and durable material, our pet bed also helps to prevent the presence of fleas and bacteria within it. The material texture is super-skin-friendly and non-toxic too. Plus, it enables your pet to have better sleep and relaxation. And that simply means a healthier and happier pet. The non-slip base ensures that the pet bed is never out of place through robust use. Not least, the pet bed is easy to clean with a washable and removable cover. With its unrivalled quality and snug fit, our pet bed is definitely one that your pet will love in more ways than one. Available in a variety of colours.</p>




<p><strong>Features:</strong><br />
Non-slip bottom <br />
Washable/ Removable cover <br />
Soft material with flea and bacteria prevention<br />
<br />
</p>



<p><strong>Specifications:</strong><br />
Size: Small<br />
Colour: Teal<br />
Outer: 60cm<br />
Inner: 30cm<br />
Height: 25cm<br />
Weight capacity of pets ≤ 5kg<br />
Surface material: Polyester<br />
Filling material: Polypropylene cotton<br />
</p>



<p><strong>Package Content:</strong><br />
1 x Pet Bed <br />
</p>











",https://cdn.dropshipzone.com.au/media/catalog/product/cache/1/image/265x/cb6023a13ed407aaf79b1d587ebc10c2/P/E/PET-BED-D60-WHBR-00.jpg,
PET-BED-D75-CO,58,,,,In Stock,47,simple,Pet Bed Dog Cat Calming Bed Medium 75cm Charcoal Sleeping Comfy Cave Washable,2.76,40.4,35.6,28.3,Pet Bed Dog Cat Calming Bed Medium 75cm Charcoal Sleeping Comfy Cave Washable,"<p>Every pet deserves a safe and comfortable resting place. And our Pet Bed is just perfect to have your precious pet dog living and sleeping in incredible comfort. Made of a soft and durable material, our pet bed also helps to prevent the presence of fleas and bacteria within it. The material texture is super-skin-friendly and non-toxic too. Plus, it enables your pet to have better sleep and relaxation. And that simply means a healthier and happier pet. The non-slip base ensures that the pet bed is never out of place through robust use. Not least, the pet bed is easy to clean with a washable and removable cover. With its unrivalled quality and snug fit, our pet bed is definitely one that your pet will love in more ways than one. Available in a variety of colours.</p>




<p><strong>Features:</strong><br />
Non-slip bottom <br />
Washable/ Removable cover <br />
Soft material with flea and bacteria prevention<br />
<br />
</p>



<p><strong>Specifications:</strong><br />
Size: Medium<br />
Colour: Charcoal<br />
Outer: 75cm<br />
Inner: 45cm<br />
Height: 25cm<br />
Fit for pets of ≤ 10kg<br />
Surface material: Polyester<br />
Filling material: Polypropylene cotton<br />
</p>



<p><strong>Package Content:</strong><br />
1 x Pet Bed <br />
</p>











",https://cdn.dropshipzone.com.au/media/catalog/product/cache/1/image/265x/6cf3c8e3d93e3e526078c0483b4c3cee/P/E/PET-BED-D75-CO-00.jpg,
PET-BED-D75-DKGR,58,,,,In Stock,143,simple,Pet Bed Dog Cat Calming Bed Medium 75cm Dark Grey Sleeping Comfy Cave Washable,2.71,39.7,35.2,28.3,Pet Bed Dog Cat Calming Bed Medium 75cm Dark Grey Sleeping Comfy Cave Washable,"<p>Every pet deserves a safe and comfortable resting place. And our Pet Bed is just perfect to have your precious pet dog living and sleeping in incredible comfort. Made of a soft and durable material, our pet bed also helps to prevent the presence of fleas and bacteria within it. The material texture is super-skin-friendly and non-toxic too. Plus, it enables your pet to have better sleep and relaxation. And that simply means a healthier and happier pet. The non-slip base ensures that the pet bed is never out of place through robust use. Not least, the pet bed is easy to clean with a washable and removable cover. With its unrivalled quality and snug fit, our pet bed is definitely one that your pet will love in more ways than one. Available in a variety of colours.</p>




<p><strong>Features:</strong><br />
Non-slip bottom <br />
Washable/ Removable cover <br />
Soft material with flea and bacteria prevention<br />
<br />
</p>



<p><strong>Specifications:</strong><br />
Size: Medium<br />
Colour: Dark Grey<br />
Outer: 75cm<br />
Inner: 45cm<br />
Height: 25cm<br />
Fit for pets of ≤ 10kg<br />
Surface material: Polyester<br />
Filling material: Polypropylene cotton<br />
</p>



<p><strong>Package Content:</strong><br />
1 x Pet Bed <br />
</p>











",https://cdn.dropshipzone.com.au/media/catalog/product/cache/1/image/265x/9872ff53a1ef959eb9eb9e5e2160b3a9/P/E/PET-BED-D75-DKGR-00.jpg,
PET-BED-D75-LTGR,58,,,,In Stock,104,simple,Pet Bed Dog Cat Calming Bed Medium 75cm Light Grey Sleeping Comfy Cave Washable,2.71,39.5,35.3,28.7,Pet Bed Dog Cat Calming Bed Medium 75cm Light Grey Sleeping Comfy Cave Washable,"<p>Every pet deserves a safe and comfortable resting place. And our Pet Bed is just perfect to have your precious pet dog living and sleeping in incredible comfort. Made of a soft and durable material, our pet bed also helps to prevent the presence of fleas and bacteria within it. The material texture is super-skin-friendly and non-toxic too. Plus, it enables your pet to have better sleep and relaxation. And that simply means a healthier and happier pet. The non-slip base ensures that the pet bed is never out of place through robust use. Not least, the pet bed is easy to clean with a washable and removable cover. With its unrivalled quality and snug fit, our pet bed is definitely one that your pet will love in more ways than one. Available in a variety of colours.</p>




<p><strong>Features:</strong><br />
Non-slip bottom <br />
Washable/ Removable cover <br />
Soft material with flea and bacteria prevention<br />
<br />
</p>



<p><strong>Specifications:</strong><br />
Size: Medium<br />
Colour: Light Grey<br />
Outer: 75cm<br />
Inner: 45cm<br />
Height: 25cm<br />
Fit for pets of ≤ 10kg<br />
Surface material: Polyester<br />
Filling material: Polypropylene cotton<br />
</p>



<p><strong>Package Content:</strong><br />
1 x Pet Bed <br />
</p>











",https://cdn.dropshipzone.com.au/media/catalog/product/cache/1/image/265x/0f3bcedc18caee09cd7fee0c78173d1d/P/E/PET-BED-D75-LTGR-00.jpg,
PET-BED-D75-PK,58,,,,In Stock,48,simple,Pet Bed Dog Cat Calming Bed Medium 75cm Pink Sleeping Comfy Cave Washable,2.75,39.7,35.4,28.9,Pet Bed Dog Cat Calming Bed Medium 75cm Pink Sleeping Comfy Cave Washable,"<p>Every pet deserves a safe and comfortable resting place. And our Pet Bed is just perfect to have your precious pet dog living and sleeping in incredible comfort. Made of a soft and durable material, our pet bed also helps to prevent the presence of fleas and bacteria within it. The material texture is super-skin-friendly and non-toxic too. Plus, it enables your pet to have better sleep and relaxation. And that simply means a healthier and happier pet. The non-slip base ensures that the pet bed is never out of place through robust use. Not least, the pet bed is easy to clean with a washable and removable cover. With its unrivalled quality and snug fit, our pet bed is definitely one that your pet will love in more ways than one. Available in a variety of colours.</p>




<p><strong>Features:</strong><br />
Non-slip bottom <br />
Washable/ Removable cover <br />
Soft material with flea and bacteria prevention<br />
<br />
</p>



<p><strong>Specifications:</strong><br />
Size: Medium<br />
Colour: Pink<br />
Outer: 75cm<br />
Inner: 45cm<br />
Height: 25cm<br />
Fit for pets of ≤ 10kg<br />
Surface material: Polyester<br />
Filling material: Polypropylene cotton<br />
</p>



<p><strong>Package Content:</strong><br />
1 x Pet Bed <br />
</p>











",https://cdn.dropshipzone.com.au/media/catalog/product/cache/1/image/265x/842b841286da152adfa83d71fd8b9d62/P/E/PET-BED-D75-PK-00.jpg,
