0,1,2,3,4,5,6,7,8,9,10,11,12,13,14,15,16,17,18,19,20,21,22,23,24,25,26,27,28,29,30,31,32,33,34,35,36,37,38,39,40,41,42,43,44,45,46,47,48,49
ID,Type,SKU,Name,Published,Is featured?,Visibility in catalog,Short description,Description,Date sale price starts,Date sale price ends,Tax status,Tax class,In stock?,Stock,Backorders allowed?,Sold individually?,Weight (lbs),Length (in),Width (in),Height (in),Allow customer reviews?,Purchase note,Sale price,Regular price,Categories,Tags,Shipping class,Images,Download limit,Download expiry days,Parent,Grouped products,Upsells,Cross-sells,External URL,Button text,Position,Attribute 1 name,Attribute 1 value(s),Attribute 1 visible,Attribute 1 global,Attribute 2 name,Attribute 2 value(s),Attribute 2 visible,Attribute 2 global,Attribute 3 name,Attribute 3 value(s),Attribute 3 visible,Attribute 3 global
1664,simple,AES-KB22K,Everfit Set of 5 Kettle Bell Set,1,0,1,,"<p><strong>Set of 5 Kettle Bell Weight Fitness Exercise Kit</strong> <br>Suitable for both men and women, the weights feature high quality construction<br>that ensures safe and effective use. It features an easy-to-handle design with anti-slip grips,<br>stable bases and premium concrete filings.<br><br><strong>Features</strong><br>*Concrete filled kettle bells<br>*Set of 5 kettle bells<br>*Consists of 2 units of 2kg for light trainings<br>*Comes in 4 sizes/weights<br><br><strong>Specifications</strong><br>* Kettle Bell Weight: 2kg, 4kg, 6kg, 8kg<br><br><strong>Package Content</strong><br>1x Kettle Bell weight set<br></p>",12/1/2021,12/4/2021,taxable,,0,0,0,0,48.5,24.41,9.84,11.81,1,,63.58,74.8,,,,"https://cdn.dropshipzone.com.au/media/catalog/product/A/E/AES-KB22K-00.jpg,https://cdn.dropshipzone.com.au/media/catalog/product/A/E/AES-KB22K-01.jpg,https://cdn.dropshipzone.com.au/media/catalog/product/A/E/AES-KB22K-05.jpg,https://cdn.dropshipzone.com.au/media/catalog/product/A/E/AES-KB22K-04.jpg,https://cdn.dropshipzone.com.au/media/catalog/product/A/E/AES-KB22K-03.jpg,https://cdn.dropshipzone.com.au/media/catalog/product/A/E/AES-KB22K-02.jpg,https://cdn.dropshipzone.com.au/media/catalog/product/A/E/AES-KB22K-99.jpg",,,,,,,,,0,,,1,1,Brand,Unbranded,1,1,EAN,9.35E+12,1,1
1665,simple,AES-T001B,Everfit 3 Block Level Aerobic Step Bench ,1,0,1,,"<p><strong>Exercise Aerobic Step Bench</strong> <br><br>Perfect for in home exercise the step bench features an anti-slip surface design and a wide stepping platform.<br>To suit training needs the height can be adjusted for maximum comfort.<br>No assembly neccesary its as easy as stacking each step on top of eachother. <br><br><strong>Features</strong><br><br><br>* Commercial Gym Grade<br><br>* Adjustable 3-level stack design<br><br>* Anti-slip surface design<br><br>* Non-skid floor pads<br><br>* EVA mat platform covering<br><br>* Maximum weight capacity of 300kg<br><br>* No assembly required<br><br>* Dimensions: 110 x 40 x 20cm<br><br>* Height Adjustments: 10cm, 15cm, 20cm<br><br>* Weight: 10kg<br><br><strong>Specifications</strong><br>* Weight capacity: 300kg<br>* Dimensions: 110 x 40 x 20cm<br>* Adjustable height level: 10cm / 15cm / 20cm<br>* Weight: 10kg<br><br><br><strong>Package Contents</strong><br><br><br>* 1 x Aerobic Step<br></p>",12/1/2021,12/4/2021,taxable,,0,0,0,0,18.74,42.91,16.54,8.27,1,,99.45,117,,,,"https://cdn.dropshipzone.com.au/media/catalog/product/A/E/AES-T001B-00.jpg,https://cdn.dropshipzone.com.au/media/catalog/product/A/E/AES-T001B-01.jpg,https://cdn.dropshipzone.com.au/media/catalog/product/A/E/AES-T001B-02.jpg,https://cdn.dropshipzone.com.au/media/catalog/product/A/E/AES-T001B-03.jpg,https://cdn.dropshipzone.com.au/media/catalog/product/A/E/AES-T001B-04.jpg,https://cdn.dropshipzone.com.au/media/catalog/product/A/E/AES-T001B-05.jpg,https://cdn.dropshipzone.com.au/media/catalog/product/A/E/AES-T001B-99.jpg",,,,,,,,,0,,,1,1,Brand,Everfit,1,1,EAN,9.35E+12,1,1
1666,simple,AES-T002,Everfit 3 Level Aerobic Step Bench ,1,0,1,,<p><strong>Fitness Exercise Aerobic Step Bench </strong> <br>Perfect for in home exercise the step bench features an anti-slip surface design and a wide stepping platform.<br>To suit training needs the height can be adjusted for maximum comfort.<br>No assembly neccesary its as easy as stacking each step on top of eachother<br><br><strong>Features</strong><br>* Commercial Gym Grade<br>* Adjustable 3-level stack design<br>* Wide stepping platform<br>* Maximum weight capacity of 250kg<br>* No assembly required<br>* Dimensions: 78 x 28 x 19.5cm<br>* Weight: 4.5kg<br><br><strong>Package Contents</strong><br>1 x Aerobic Step<br><br><br><br><br></p>,12/1/2021,12/4/2021,taxable,,0,0,0,0,10.14,32.09,12.72,4.65,1,,46.33,54.5,,,,"https://cdn.dropshipzone.com.au/media/catalog/product/A/E/AES-T002-00.jpg,https://cdn.dropshipzone.com.au/media/catalog/product/A/E/AES-T002-01.jpg,https://cdn.dropshipzone.com.au/media/catalog/product/A/E/AES-T002-02.jpg,https://cdn.dropshipzone.com.au/media/catalog/product/A/E/AES-T002-03.jpg,https://cdn.dropshipzone.com.au/media/catalog/product/A/E/AES-T002-04.jpg,https://cdn.dropshipzone.com.au/media/catalog/product/A/E/AES-T002-05.jpg,https://cdn.dropshipzone.com.au/media/catalog/product/A/E/AES-T002-99.jpg",,,,,,,,,0,,,1,1,Brand,Everfit,1,1,EAN,9.35E+12,1,1
1667,simple,AES-T003,Everfit 2 Level Block Aerobic Step Bench,1,0,1,,"<p><strong>Fitness Exercise Aerobic Step Bench </strong> <br>Perfect for in home exercise the step bench features an anti-slip surface design and a wide stepping platform.<br>To suit training needs the height can be adjusted for maximum comfort.<br>No assembly neccesary its as easy as stacking each step on top of eachother<br><br><strong>Features</strong><br><br><br>* Commercial Gym Grade<br><br>* Adjustable 2-level stack design<br><br>* Anti-slip surface design<br><br>* Wide stepping platform<br>* No assembly required<br><br><strong>Specifications</strong><br>* Dimensions: 66 x 26 x 15.5cm<br><br>* Height Adjustments: 10cm, 15cm<br><br>* Weight: 3.5kg<br><br><br>* Maximum weight capacity of 250kg<br><br><strong>Package Contents</strong><br><br><br>* 1 x Aerobic Step<br></p>",12/1/2021,12/4/2021,taxable,,0,0,0,0,8.16,26.97,11.61,4.65,1,,37.4,44,,,,"https://cdn.dropshipzone.com.au/media/catalog/product/A/E/AES-T003-00.jpg,https://cdn.dropshipzone.com.au/media/catalog/product/A/E/AES-T003-01.jpg,https://cdn.dropshipzone.com.au/media/catalog/product/A/E/AES-T003-02.jpg,https://cdn.dropshipzone.com.au/media/catalog/product/A/E/AES-T003-03.jpg,https://cdn.dropshipzone.com.au/media/catalog/product/A/E/AES-T003-04.jpg,https://cdn.dropshipzone.com.au/media/catalog/product/A/E/AES-T003-05.jpg,https://cdn.dropshipzone.com.au/media/catalog/product/A/E/AES-T003-99.jpg",,,,,,,,,0,,,1,1,Brand,Everfit,1,1,EAN,9.35E+12,1,1
1683,simple,AQ-SPH-6250, Giantz 2500L/H Submersible Aqua Aquarium Water Pump,1,0,1,,"<p><strong>Multi-Functional Pond Aquarium Pump 2500LPH</strong> <br><br><br>Ideal for creating water features, pond circulation, waterfalls, fountain streams asnd marine aquariums.<br><br><strong>Features</strong><br>* Robust construction with durable case<br>* Inline & Submersible<br>* Low energy consumption<br>* Operates in near silence<br>* Suitable for fresh and salt water<br>* C-tick, EMC, TUV, GS, CE approved<br><br><strong>Specifications</strong><br>* Output: 2500LH<br>* Voltage: 230V<br>* Frequency: 50Hz<br>* Power: 35W<br>* Max height: 2.3m<br>* Dimensions: 12.5 x 10 x 13.5cm<br>* Weight: 1kg<br><br><strong>Package Contents</strong><br><br><br>* 1 x Aquarium pump<br><br>* 1 x User Manual<br><br><br><br><br><br><br><br><br><br></p>",12/1/2021,12/4/2021,taxable,,1,200,0,0,2.87,6.69,5.31,5.71,1,,20.66,24.3,,,,"https://cdn.dropshipzone.com.au/media/catalog/product/A/Q/AQ-SPH-6250-00.jpg,https://cdn.dropshipzone.com.au/media/catalog/product/A/Q/AQ-SPH-6250-01.jpg,https://cdn.dropshipzone.com.au/media/catalog/product/A/Q/AQ-SPH-6250-02.jpg,https://cdn.dropshipzone.com.au/media/catalog/product/A/Q/AQ-SPH-6250-03.jpg,https://cdn.dropshipzone.com.au/media/catalog/product/A/Q/AQ-SPH-6250-04.jpg,https://cdn.dropshipzone.com.au/media/catalog/product/A/Q/AQ-SPH-6250-05.jpg,https://cdn.dropshipzone.com.au/media/catalog/product/A/Q/AQ-SPH-6250-99.jpg",,,,,,,,,0,Color,Black,1,1,Brand,Giantz,1,1,EAN,9.35E+12,1,1
1684,simple,AQ-SPH-6350,Giantz 3000L/H Submersible Aqua Aquarium Water Pump,1,0,1,,"<p><strong>Multi-Functional Pond Aquarium Pump 3000LPH</strong> <br><br><br>Ideal for creating water features, pond circulation, waterfalls, fountain streams and marine aquariums.<br><br><strong>Features</strong><br><br><br>* Robust construction with durable case<br>* Inline & Submersible<br>* Low energy consumption<br>* Operates in near silence<br>* Suitable for fresh and salt water<br>* C-tick, EMC, TUV, GS, CE approved<br><br><strong>Specifications</strong><br>* Output: 3000LH<br>* Voltage: 230V<br>* Frequency: 50Hz<br>* Power: 45W<br>* Max height: 3m<br>* Dimensions: 15 x 10 x 13.5cm<br>* Weight: 1kg<br><br><strong>Package Contents</strong><br><br><br>* 1 x Aquarium Pump<br><br>* 1 x User Manual<br><br><br><br><br><br><br><br><br><br></p>",12/1/2021,12/4/2021,taxable,,1,200,0,0,2.87,7.99,5.59,6.1,1,,26.1,34.8,,,,"https://cdn.dropshipzone.com.au/media/catalog/product/A/Q/AQ-SPH-6350-00.jpg,https://cdn.dropshipzone.com.au/media/catalog/product/A/Q/AQ-SPH-6350-01.jpg,https://cdn.dropshipzone.com.au/media/catalog/product/A/Q/AQ-SPH-6350-02.jpg,https://cdn.dropshipzone.com.au/media/catalog/product/A/Q/AQ-SPH-6350-03.jpg,https://cdn.dropshipzone.com.au/media/catalog/product/A/Q/AQ-SPH-6350-04.jpg,https://cdn.dropshipzone.com.au/media/catalog/product/A/Q/AQ-SPH-6350-05.jpg,https://cdn.dropshipzone.com.au/media/catalog/product/A/Q/AQ-SPH-6350-99.jpg",,,,,,,,,0,Color,Black,1,1,Brand,Giantz,1,1,EAN,9.35E+12,1,1
1693,simple,AQUA-CFP-10000,Giantz 10000L/H Submersible Water Pump,1,0,1,,"<p><strong>Aquarium Pond Filter Pump 10000LPH</strong> <br>Ideal for creating water features, pond circulation, waterfalls, fountain streams and marine aquariums, this submersible pump will bring new life to your pond. It is assured to deliver high performance and made with outstanding features including a robust and durable case, overheat protection function, low energy consumption and operates in near silence. It is suitable for both fresh and salt water and designed for long life and continuous operation. Add a fun touch to your pond and give your sea creatures the best living environment!<br><br><strong>Features</strong><br>* High Power 155W Motor<br>* Maximum Output: 10000LPH<br>* Frequency: 50Hz<br>* Maximum Displacement Height : 5m<br>* Spiral Propeller allows dirt particle size as large as 7mm<br>* Compact in size and Easy to maintain<br><br><strong>Specifications</strong><br>* Suitable for Marine, Fresh Water Plants and Fish<br>* Dimensions: 30 x 29cm<br>* Weight: 3.5kg<br><br><strong>Package Contents</strong><br>* 1 X Pond Pump<br>* 1 X User Manual<br><br><br><br></p>",12/1/2021,12/4/2021,taxable,,1,168,0,0,8.38,13.98,6.3,12.01,1,,80.58,94.8,,,,"https://cdn.dropshipzone.com.au/media/catalog/product/a/q/aqua-cfp-10000-00.jpg,https://cdn.dropshipzone.com.au/media/catalog/product/a/q/aqua-cfp-10000-01.jpg,https://cdn.dropshipzone.com.au/media/catalog/product/a/q/aqua-cfp-10000-02.jpg,https://cdn.dropshipzone.com.au/media/catalog/product/a/q/aqua-cfp-10000-03.jpg,https://cdn.dropshipzone.com.au/media/catalog/product/a/q/aqua-cfp-10000-04.jpg,https://cdn.dropshipzone.com.au/media/catalog/product/a/q/aqua-cfp-10000-05.jpg,https://cdn.dropshipzone.com.au/media/catalog/product/a/q/aqua-cfp-10000-06.jpg,https://cdn.dropshipzone.com.au/media/catalog/product/a/q/aqua-cfp-10000-07.jpg",,,,,,,,,0,,,1,1,Brand,Giantz,1,1,EAN,9.35E+12,1,1
1749,simple,ba-tw-9076-BKX2,Artiss Set of 2 PU Leather Backless Bar Stools - Black and Chrome,1,0,1,,"<p><strong>Set of 2 PU Leather Kitchen Bar Stools- Black</strong></p><p>Designed to blend in with any environment, this bar stool serves the purpose of providing seating comfort along with a neat, simple design. Featuring an elegant design and beautiful chrome legs, it will surely complement your modern decor. It also incorporates a thick padded PU leather covered seat providing long lasting furniture that offers maximum comfort. Contemporary and innovative, it's a beauty with assured quality.</p><p><strong>Features</strong><br /> *Simple structure design<br /> *Comfortable PU leather padded seat<br /> *Sturdy steel legs<br /> *Aesthetically pleasing chrome finish - corrosion resistant<br /> *Heavy-duty footrest<br /> *Bottom rubber feet to protect floors</p><p><br /> <strong>Specifications</strong><br /> * Seat material: PU leather<br /> * Base material: Steel<br /> * Finish: Chrome<br /> * Overall dimensions: 36 x 36 x 69cm<br /> * Flat Packed - Simple Assembly Required<br /> * Colour: Black</p><p><strong>Package Contents</strong><br />* 2 x Bar Stools<br />* 1 x User Manual</p>",12/1/2021,12/4/2021,taxable,,1,200,0,0,25.68,28.74,9.06,14.76,1,,91.8,108,,,,"https://cdn.dropshipzone.com.au/media/catalog/product/B/A/BA-TW-9076-BKX2-00.jpg,https://cdn.dropshipzone.com.au/media/catalog/product/B/A/BA-TW-9076-BKX2-01.jpg,https://cdn.dropshipzone.com.au/media/catalog/product/B/A/BA-TW-9076-BKX2-02.jpg,https://cdn.dropshipzone.com.au/media/catalog/product/B/A/BA-TW-9076-BKX2-03.jpg,https://cdn.dropshipzone.com.au/media/catalog/product/B/A/BA-TW-9076-BKX2-04.jpg,https://cdn.dropshipzone.com.au/media/catalog/product/B/A/BA-TW-9076-BKX2-05.jpg,https://cdn.dropshipzone.com.au/media/catalog/product/B/A/BA-TW-9076-BKX2-06.jpg,https://cdn.dropshipzone.com.au/media/catalog/product/B/A/BA-TW-9076-BKX2-07.jpg,https://cdn.dropshipzone.com.au/media/catalog/product/B/A/BA-TW-9076-BKX2-30.jpg",,,,,,,,,0,Color,Black,1,1,Brand,Artiss,1,1,EAN,9.35E+12,1,1
1751,simple,ba-tw-9076-WHX2,Artiss Set of 2 PU Leather Backless Bar Stools - White and Chrome,1,0,1,,"<p><strong>Set of 2 PU Leather Kitchen Bar Stools- White</strong></p><p>Designed to blend in with any environment, this bar stool serves the purpose of providing seating comfort along with a neat, simple design. Featuring an elegant design and beautiful chrome legs, it will surely complement your modern decor. It also incorporates a thick padded PU leather covered seat providing long lasting furniture that offers maximum comfort. Contemporary and innovative, it's a beauty with assured quality.  </p><p><strong>Features</strong><br> *Simple structure design<br> *Comfortable PU leather padded seat<br> *Sturdy steel legs<br> *Aesthetically pleasing chrome finish - corrosion resistant<br> *Heavy-duty footrest<br> *Bottom rubber feet to protect floors</p><p><br>  <strong>Specifications</strong><br>  * Seat material: PU leather<br>  * Base material: Steel<br>  * Finish: Chrome<br>  * Overall dimensions: 36 x 36 x 69cm<br>  * Flat Packed - Simple Assembly Required<br>  * Colour: White<br></p><p><strong>Package Contents</strong><br>* 2 x Bar Stools<br>* 1 x User Manual",12/1/2021,12/4/2021,taxable,,1,200,0,0,24.58,28.74,9.06,14.76,1,,90.95,107,,,,"https://cdn.dropshipzone.com.au/media/catalog/product/B/A/BA-TW-9076-WHX2-00.jpg,https://cdn.dropshipzone.com.au/media/catalog/product/B/A/BA-TW-9076-WHX2-01.jpg,https://cdn.dropshipzone.com.au/media/catalog/product/B/A/BA-TW-9076-WHX2-02.jpg,https://cdn.dropshipzone.com.au/media/catalog/product/B/A/BA-TW-9076-WHX2-03.jpg,https://cdn.dropshipzone.com.au/media/catalog/product/B/A/BA-TW-9076-WHX2-04.jpg,https://cdn.dropshipzone.com.au/media/catalog/product/B/A/BA-TW-9076-WHX2-05.jpg,https://cdn.dropshipzone.com.au/media/catalog/product/B/A/BA-TW-9076-WHX2-06.jpg,https://cdn.dropshipzone.com.au/media/catalog/product/B/A/BA-TW-9076-WHX2-07.jpg,https://cdn.dropshipzone.com.au/media/catalog/product/B/A/BA-TW-9076-WHX2-30.jpg",,,,,,,,,0,Color,White,1,1,Brand,Artiss,1,1,EAN,9.35E+12,1,1
1782,simple,ba-tw-T7009-Black-X2,Artiss Set of 2 Backless PU Leather Bar Stools - Black and Chrome,1,0,1,,"<p><strong>Set of 2 PU Leather Kitchen Bar Stools- Black</strong> </p><p>Designed to blend in with any environment, this bar stool serves the purpose of providing seating comfort along with a neat, simple design. Featuring an elegant design and beautiful chrome gas lift lever, it will surely complement your modern decor. It also incorporates a quality chrome base with a PU leather padded seat providing long lasting furniture that offers maximum comfort. Contemporary and innovative, it's a beauty with assured quality.</p><p><br>  <strong>Features</strong><br>  * Elegant structure design<br>  * Comfortable PU leather padded seat<br>  * Swivel bar stool<br>  * Sturdy steel base<br>  * Delicate gas lift lever<br>  * Aesthetically pleasing chrome finish - corrosion resistant<br>  * Heavy-duty footrest<br>  * Bottom rubber base to protect floors<br>  <br>  <strong>Specifications</strong><br>  * Seat material: PU leather<br>  * Base material: Steel<br>  * Finish: Chrome<br>  * Height range: 59~81cm<br>  * Colour: Black<br>  <br>  <strong>Package Content</strong><br>  2 x Bar Stool<br></p>",12/1/2021,12/4/2021,taxable,,0,0,0,0,38.58,19.29,14.96,12.6,1,,107.1,126,,,,"https://cdn.dropshipzone.com.au/media/catalog/product/B/A/BA-TW-T7009-BLACK-X2-00.jpg,https://cdn.dropshipzone.com.au/media/catalog/product/B/A/BA-TW-T7009-BLACK-X2-01.jpg,https://cdn.dropshipzone.com.au/media/catalog/product/B/A/BA-TW-T7009-BLACK-X2-02.jpg,https://cdn.dropshipzone.com.au/media/catalog/product/B/A/BA-TW-T7009-BLACK-X2-03.jpg,https://cdn.dropshipzone.com.au/media/catalog/product/B/A/BA-TW-T7009-BLACK-X2-04.jpg,https://cdn.dropshipzone.com.au/media/catalog/product/B/A/BA-TW-T7009-BLACK-X2-05.jpg,https://cdn.dropshipzone.com.au/media/catalog/product/B/A/BA-TW-T7009-BLACK-X2-06.jpg",,,,,,,,,0,Color,Black,1,1,Brand,Artiss,1,1,EAN,9.35E+12,1,1
1795,simple,BC-HC-20A,Giantz 12V Battery Charger 20 Amp Car ATV 4WD Boat Caravan Motorcycle,1,0,1,,"<p><strong>Vehicle Battery Charger 20Amp 12V-240V</strong> <br>Equipped with integrated Pulse Width Modulation (PWM) to prevent power loss,<br>the charger provides continuous charge to a 12V battery with an automatic floating<br>charge mode to avoid damage due to overcharging. <br><br><strong>Features</strong><br>* Fully automatic operating system<br>* Input over voltage protection<br>* Over temperature protection<br>* Short circuit protection<br>* Automatic voltage stabilisation<br>* Lightweight and portable<br>* High quality battery clips with 90cm cable<br>* Suitable for both gel-cell or wet-cell lead acid batteries<br>* SAA & CE approved<br><br><strong>Specifications</strong><br>* Input voltage (AC): 210V-240V, 50Hz<br>* Output voltage (DC): 12V-14.7V<br>* Charging current: 20A<br>* Output power (HP): 250W<br>* Dimensions: 10.5 x 14 x 5.8cm<br>* Weight: 1.2kg<br><br><strong>Package Contents</strong><br>1 x Battery Charger<br>1 x User Manual<br></p>",12/1/2021,12/4/2021,taxable,,1,200,0,0,2.2,9.25,7.09,2.56,1,,35.45,41.7,,,,"https://cdn.dropshipzone.com.au/media/catalog/product/B/C/BC-HC-20A-00.jpg,https://cdn.dropshipzone.com.au/media/catalog/product/B/C/BC-HC-20A-01.jpg,https://cdn.dropshipzone.com.au/media/catalog/product/B/C/BC-HC-20A-02.jpg,https://cdn.dropshipzone.com.au/media/catalog/product/B/C/BC-HC-20A-03.jpg,https://cdn.dropshipzone.com.au/media/catalog/product/B/C/BC-HC-20A-04.jpg,https://cdn.dropshipzone.com.au/media/catalog/product/B/C/BC-HC-20A-05.jpg,https://cdn.dropshipzone.com.au/media/catalog/product/B/C/BC-HC-20A-99.jpg",,,,,,,,,0,,,1,1,Brand,Giantz,1,1,EAN,9.35E+12,1,1
1897,simple,CASE-HZ7-002-1-BK,Embellir Portable Cosmetic Beauty Makeup Carry Case - Black,1,0,1,,<p><strong>Portable Cosmetic Beauty Carry Case Box Black w/ Mirror</strong> <br><br><br>The beauty case is lightweight and easy to carry with or without the shoulder strap.<br><br><strong>Features</strong><br>:<br>* Professional beauty case<br>* Grade-A aluminium frame & hinges<br>* Elegant black velvet interior lining<br>* Delicate sliding draw<br>* Consists of 4 sliding trays & 8 adjustable dividers<br>* Bonus 1 x shoulder strap<br><br><strong>Specifications</strong><br>* Dimensions: 36 x 23.5 x 32cm<br>* Colour: Black<br><br><br><strong>Package Contents</strong><br><br><br>* 1 x Makeup Case<br><br><br><br><br><br><br><br><br><br></p>,12/1/2021,12/4/2021,taxable,,0,0,0,0,9.7,16.14,10.63,14.57,1,,45.82,53.9,,,,"https://cdn.dropshipzone.com.au/media/catalog/product/C/A/CASE-HZ7-002-1-BK-00.jpg,https://cdn.dropshipzone.com.au/media/catalog/product/C/A/CASE-HZ7-002-1-BK-01.jpg,https://cdn.dropshipzone.com.au/media/catalog/product/C/A/CASE-HZ7-002-1-BK-02.jpg,https://cdn.dropshipzone.com.au/media/catalog/product/C/A/CASE-HZ7-002-1-BK-03.jpg,https://cdn.dropshipzone.com.au/media/catalog/product/C/A/CASE-HZ7-002-1-BK-04.jpg,https://cdn.dropshipzone.com.au/media/catalog/product/C/A/CASE-HZ7-002-1-BK-05.jpg,https://cdn.dropshipzone.com.au/media/catalog/product/C/A/CASE-HZ7-002-1-BK-99.jpg",,,,,,,,,0,Color,Black,1,1,Brand,Embellir,1,1,EAN,9.35E+12,1,1
1898,simple,CASE-HZ8-040-BK,Embellir Portable Cosmetic Beauty Makeup Carry Case with Mirror - Black,1,0,1,,<p><strong>Portable Cosmetic Beauty Carry Case Box Black w/ Mirror</strong> <br>The lightweight beauty case is easily transported and has ample space.<br><br><strong>Features</strong><br>* Professional beauty case<br>* Grade-A aluminium frame & hinges<br>* Elegant black velvet interior lining<br>* 2 delicate sliding trays with open top section<br>* 2 level spacious section on top case<br><br><strong>Specifications</strong><br>* Dimensions: 28 x 17.5 x 32cm<br>* Colour: Black<br><br><strong>Package Contents</strong><br>1 x Make Up Case<br><br><br><br><br><br><br><br><br><br></p>,12/1/2021,12/4/2021,taxable,,0,0,0,0,7.28,10.24,8.66,12.6,1,,35.45,41.7,,,,"https://cdn.dropshipzone.com.au/media/catalog/product/C/A/CASE-HZ8-040-BK-00.jpg,https://cdn.dropshipzone.com.au/media/catalog/product/C/A/CASE-HZ8-040-BK-01.jpg,https://cdn.dropshipzone.com.au/media/catalog/product/C/A/CASE-HZ8-040-BK-02.jpg,https://cdn.dropshipzone.com.au/media/catalog/product/C/A/CASE-HZ8-040-BK-03.jpg,https://cdn.dropshipzone.com.au/media/catalog/product/C/A/CASE-HZ8-040-BK-04.jpg,https://cdn.dropshipzone.com.au/media/catalog/product/C/A/CASE-HZ8-040-BK-05.jpg,https://cdn.dropshipzone.com.au/media/catalog/product/C/A/CASE-HZ8-040-BK-99.jpg",,,,,,,,,0,Color,Black,1,1,Brand,Embellir,1,1,EAN,9.35E+12,1,1
1902,simple,Case-MU-HZ7002-BK,Embellir Portable Cosmetic Beauty Makeup Case- Black,1,0,1,,"<p><strong>Makeup Cosmetic Beauty Case </strong></p><p>Need the perfect beauty case for the job? All you need is our stunning, stylish Make up case.</p><p>This beauty case is lightweight and will be easy to carry with or without the shoulder strap. Wherever the job will be, no more hassle when on the go.</p><p>With plenty of storage space, it will make organising much easier. You can even customise the way you want everything to be placed with the adjustable dividers. No matter the size or amount of tools required for the job, this beauty will provide all the space you need. </p><p>Whether you are a professional beautician, an amateur nail tech or for personal use, this long-standing makeup case is your best choice. Place your order now! </p><p><strong>Features</strong></p><p>* Aluminium frame &amp; hinges <br>  * Black velvet interior lining<br>  * 4 Sliding trays<br>  * Bottom spacious section<br>  * 8 Removable and adjustable dividers<br>  * 2 Locks <br>  * Dimensions: 23 x 36 x 27cm </p><p><strong>Package Contents</strong></p><p>* 1 x Makeup Case<br></p><p></p>",12/1/2021,12/4/2021,taxable,,1,70,0,0,7.05,18.5,10.43,11.81,1,,35.45,41.7,,,,"https://cdn.dropshipzone.com.au/media/catalog/product/C/A/CASE-MU-HZ7002-BK-00.jpg,https://cdn.dropshipzone.com.au/media/catalog/product/C/A/CASE-MU-HZ7002-BK-01.jpg,https://cdn.dropshipzone.com.au/media/catalog/product/C/A/CASE-MU-HZ7002-BK-02.jpg,https://cdn.dropshipzone.com.au/media/catalog/product/C/A/CASE-MU-HZ7002-BK-03.jpg,https://cdn.dropshipzone.com.au/media/catalog/product/C/A/CASE-MU-HZ7002-BK-04.jpg,https://cdn.dropshipzone.com.au/media/catalog/product/C/A/CASE-MU-HZ7002-BK-05.jpg,https://cdn.dropshipzone.com.au/media/catalog/product/C/A/CASE-MU-HZ7002-BK-99.jpg",,,,,,,,,0,Color,Black,1,1,Brand,Unbranded,1,1,EAN,9.35E+12,1,1
1906,simple,CD-SHELF-BL-AB,Artiss Adjustable Book Storage Shelf Rack Unit - Black,1,0,1,,"<p><strong>CD Shelf Storage Unit </strong></p><p>Are you looking for storage solutions for your CDs and DVDs? This CD shelf is ideal for people who own massive collection of CDs, DVDs, BluRays and video games. The unit provides amazing storage space which can hold up to 1116 CDs or 528 DVDs.</p><p>Made of particle board material with a sturdy base, you can be assured that your collection will stay safe while they sit in the shelf. The sleek and modern design of the CD shelf also adds a touch of elegance to your home theatre. Don't miss out! Order today and start making your personal CD library! </p><p><strong>Features</strong></p><p>* Particle board material<br>  * Sturdy base <br>  * Adjustable shelves <br>  * Holds up to 1116 CDs or 528 DVDs<br>  * Colour: Black <br>  * Overall dimension: 102 x 23.5 x 194.5cm <br>  * Installation required </p><p><strong>Package Contents</strong></p><p>* 1 x CD Shelf<br>  * 1 x Installation Manual</p><p>&nbsp;</p><p></p>",12/1/2021,12/4/2021,taxable,,1,200,0,0,92.37,43.19,6.14,25.52,1,,117.45,130.5,,,,"https://cdn.dropshipzone.com.au/media/catalog/product/C/D/CD-SHELF-BL-AB-00.jpg,https://cdn.dropshipzone.com.au/media/catalog/product/C/D/CD-SHELF-BL-AB-01.jpg,https://cdn.dropshipzone.com.au/media/catalog/product/C/D/CD-SHELF-BL-AB-02.jpg,https://cdn.dropshipzone.com.au/media/catalog/product/C/D/CD-SHELF-BL-AB-03.jpg,https://cdn.dropshipzone.com.au/media/catalog/product/C/D/CD-SHELF-BL-AB-04.jpg,https://cdn.dropshipzone.com.au/media/catalog/product/C/D/CD-SHELF-BL-AB-05.jpg,https://cdn.dropshipzone.com.au/media/catalog/product/C/D/CD-SHELF-BL-AB-06.jpg",,,,,,,,,0,Color,Black,1,1,Brand,Artiss,1,1,EAN,9.35E+12,1,1
1907,simple,CD-SHELF-ES-AB,Artiss Adjustable Book Storage Shelf Rack Unit - Expresso,1,0,1,,"<p><strong>CD Shelf Storage Unit </strong></p><p>Are you looking for storage solutions for your CDs and DVDs? This CD shelf is ideal for people who own massive collection of CDs, DVDs, BluRays and video games. The unit provides amazing storage space which can hold up to 1116 CDs or 528 DVDs.</p><p>Made of particle board material with a sturdy base, you can be assured that your collection will stay safe while they sit in the shelf. The sleek and modern design of the CD shelf also adds a touch of elegance to your home theatre. Don't miss out! Order today and start making your personal CD library! </p><p><strong>Features</strong></p><p>* Particle board material<br>  * Sturdy base <br>  * Adjustable shelves <br>  * Holds up to 1116 CDs or 528 DVDs<br>  * Colour: Brown<br>  * Overall dimension: 102 x 23.5 x 194.5cm <br>  * Installation required </p><p><strong>Package Contents</strong></p><p>* 1 x CD Shelf Unit<br>  * 1 x Installation Manual</p><p>&nbsp;</p><p></p>",12/1/2021,12/4/2021,taxable,,1,200,0,0,92.37,43.19,6.14,25.52,1,,100.56,118.3,,,,"https://cdn.dropshipzone.com.au/media/catalog/product/C/D/CD-SHELF-ES-AB-00.jpg,https://cdn.dropshipzone.com.au/media/catalog/product/C/D/CD-SHELF-ES-AB-01.jpg,https://cdn.dropshipzone.com.au/media/catalog/product/C/D/CD-SHELF-ES-AB-02.jpg,https://cdn.dropshipzone.com.au/media/catalog/product/C/D/CD-SHELF-ES-AB-03.jpg,https://cdn.dropshipzone.com.au/media/catalog/product/C/D/CD-SHELF-ES-AB-04.jpg,https://cdn.dropshipzone.com.au/media/catalog/product/C/D/CD-SHELF-ES-AB-05.jpg,https://cdn.dropshipzone.com.au/media/catalog/product/C/D/CD-SHELF-ES-AB-06.jpg",,,,,,,,,0,Color,Espresso,1,1,Brand,Artiss,1,1,EAN,9.35E+12,1,1
1908,simple,CD-SHELF-WH-AB,Artiss Adjustable Book Storage Shelf Rack Unit - White,1,0,1,,"<p><strong>CD Shelf Storage Unit </strong></p><p>Are you looking for storage solutions for your CDs and DVDs? This CD shelf is ideal for people who own massive collection of CDs, DVDs, BluRays and video games. The unit provides amazing storage space which can hold up to 1116 CDs or 528 DVDs.</p><p>Made of particle board material with a sturdy base, you can be assured that your collection will stay safe while they sit in the shelf. The sleek and modern design of the CD shelf also adds a touch of elegance to your home theatre. Don't miss out! Order today and start making your personal CD library! </p><p><strong>Features</strong></p><p>*Particle board material<br>  * Sturdy base <br>  * Adjustable shelves <br>  * Holds up to 1116 CDs or 528 DVDs<br>  * Colour: White<br>  * Overall dimension: 102 x 23.5 x 194.5cm <br>  * Installation required </p><p><strong>Package Contents</strong></p><p>* 1 x CD Shelf Unit<br>  * 1 x Installation Manual</p><p>&nbsp;</p><p></p>",12/1/2021,12/4/2021,taxable,,1,200,0,0,92.37,43.19,6.14,25.52,1,,122.13,135.7,,,,"https://cdn.dropshipzone.com.au/media/catalog/product/C/D/CD-SHELF-WH-AB-00.jpg,https://cdn.dropshipzone.com.au/media/catalog/product/C/D/CD-SHELF-WH-AB-01.jpg,https://cdn.dropshipzone.com.au/media/catalog/product/C/D/CD-SHELF-WH-AB-02.jpg,https://cdn.dropshipzone.com.au/media/catalog/product/C/D/CD-SHELF-WH-AB-03.jpg,https://cdn.dropshipzone.com.au/media/catalog/product/C/D/CD-SHELF-WH-AB-04.jpg,https://cdn.dropshipzone.com.au/media/catalog/product/C/D/CD-SHELF-WH-AB-05.jpg,https://cdn.dropshipzone.com.au/media/catalog/product/C/D/CD-SHELF-WH-AB-06.jpg",,,,,,,,,0,Color,White,1,1,Brand,Artiss,1,1,EAN,9.35E+12,1,1
1941,simple,CT-IN-213-1,Devanti Induction Cooktop Portable Cooker Ceramic Cook Top Electric Hob Kitchen,1,0,1,,"<p>Featuring a powerful induction design, this cooktop allows you to accurately control the temperature from the highest right down to the lowest in an instant. It utilises high-grade black crystal glass plate bringing pleasing aesthetics to your kitchen. This beauty also features an integrated safe cooking system where the cooktop will not generate heat without an appropriate cookware - safe for you and the kids! Providing you with a great cooking experience, your best choice for kitchen appliances.</p> <p><strong>NOTE: This item comes with a 15A plug and requires a 15A power socket to use product.</strong></p><p><strong>ATTN: Do not touch hot plate immediately after cooking.</strong></p><p><strong>Features</strong><br />*2 Burners<br />*High-grade black crystal glass plate<br />*4 digit LED display with button control<br />*8 levels of power adjustments<br />*8 levels of temperature settings<br />*24 hour timer function with 5 minute intervals<br />*Integrated safe cooking system - heat will not generate without an appropriate cookware<br />*Overheat temperature protection<br />*Auto shut down function<br />*Control panel lock function<br />*Quick heat dissipation<br />*SAA, CB, CE, LVD approved</p> <p><strong>Specification</strong><br />Brand: Devanti<br />Left burner: 300W - 1800W<br />Right burner: 300W - 1300W<br />Voltage: 240V/50Hz<br />Temperature range: 80C / 120C / 140C / 160C / 180C / 200C / 220C / 240C<br />Plate dimension: 27.5cm x 27cm per plate<br />Overall dimension: 60cm x 36cm x 7cm<br />Cable length: 155cm<br />Colour: Black</p> <p><strong>Package Contents:</strong> <br />1x Devanti Induction Cooktop <br /> 1x User Manual</p>",12/1/2021,12/4/2021,taxable,,1,22,0,0,12.19,26.38,5,17.13,1,,103.45,121.7,,,,"https://cdn.dropshipzone.com.au/media/catalog/product/C/T/CT-IN-213-1-00.jpg,https://cdn.dropshipzone.com.au/media/catalog/product/C/T/CT-IN-213-1-01.jpg,https://cdn.dropshipzone.com.au/media/catalog/product/C/T/CT-IN-213-1-02.jpg,https://cdn.dropshipzone.com.au/media/catalog/product/C/T/CT-IN-213-1-03.jpg,https://cdn.dropshipzone.com.au/media/catalog/product/C/T/CT-IN-213-1-04.jpg,https://cdn.dropshipzone.com.au/media/catalog/product/C/T/CT-IN-213-1-05.jpg,https://cdn.dropshipzone.com.au/media/catalog/product/C/T/CT-IN-213-1-99.jpg",,,,,,,,,0,Color,Black,1,1,Brand,Devanti,1,1,EAN,9.35E+12,1,1
1942,simple,CT-IN-739A,Devanti Portable Single Ceramic Electric Induction Cook Top - Black,1,0,1,,"<p>Featuring a powerful induction design, this cooktop allows you to accurately control the temperature from the highest right down to the lowest in an instant. It utilises high-grade black crystal glass plate bringing pleasing aesthetics to your kitchen. This beauty also features an integrated safe cooking system where the cooktop will not generate heat without an appropriate cookware - safe for you and the kids! Providing you with a great cooking experience, your best choice for kitchen appliances.</p><p><strong>ATTN: Do not touch hot plate immediately after cooking.</strong></p><p><strong>Features</strong><br>  Single burner<br>  8 cooking modes: Cake, Stir-fry, Rice, Toast, Braise, Soup, Water, Hot pot<br>  Pleasing aesthetics high-grade black crystal glass plate<br>  4 digit LED display with button control panel<br>  9 levels of power adjustments<br>  10 levels of temperature settings<br>  24 hour preset/timer function with 1 or 10 minute interval<br>  Integrated safe cooking system - heat will not generate without an appropriate cookware<br>  Overheat temperature protection<br>  Auto shut down function<br>  Large fan for quick heat dissipation<br>  SAA, CB, CE, LVD approved</p><p><strong>Specifications</strong><br>  Material: B class black crystal plate<br>  Voltage: 220V-240V/50Hz<br>  Supply voltage: 80V-285V/50Hz<br>  Power range: 300W-2000W<br>  Cable length: 130cm<br>  Temperature range: 60°„C / 80°„C / 120°„C / 140°„C / 160°„C / 180°„C / 200°„C / 220°„C / 240°„C / 270°„C<br>  Overall dimensions: 38cm x 30.7cm x 6cm<br>  Colour: Black</p><p><strong>Package Content</strong><br>  1 x Single Burner Induction Cooktop<br>1 x User Manual</p>",12/1/2021,12/4/2021,taxable,,0,1,0,0,3.31,13.39,17.13,3.74,1,,51.68,60.8,,,,"https://cdn.dropshipzone.com.au/media/catalog/product/C/T/CT-IN-739A-00.jpg,https://cdn.dropshipzone.com.au/media/catalog/product/C/T/CT-IN-739A-01.jpg,https://cdn.dropshipzone.com.au/media/catalog/product/C/T/CT-IN-739A-02.jpg,https://cdn.dropshipzone.com.au/media/catalog/product/C/T/CT-IN-739A-03.jpg,https://cdn.dropshipzone.com.au/media/catalog/product/C/T/CT-IN-739A-04.jpg,https://cdn.dropshipzone.com.au/media/catalog/product/C/T/CT-IN-739A-05.jpg,https://cdn.dropshipzone.com.au/media/catalog/product/C/T/CT-IN-739A-99.jpg",,,,,,,,,0,Color,Black,1,1,Brand,5-Star Chef,1,1,EAN,9.35E+12,1,1
1948,simple,DESK-140M-BK-AB,Artiss Metal Desk with 3 Drawers - Black,1,0,1,,"<p>Simple yet practical, this revolutionary piece is surely the solution for a productive working environment. It provides sufficient working space and is fitted with a three drawer cabinet. Featuring a sturdy contruction and a simple design that will match any interior, it is the perfect furniture for your work area.</p><p><strong>Features</strong><br />Contemporary and simple design<br />3 spacious drawers<br />Anti-rust metal runners<br />Drawers can be installed on either side<br />Anti-slip U-shape leg<br />Sturdy construction<br />Easy assembly<br /></p><p><strong>Specifications:</strong><br />Brand: Artiss<br />Material: <br />Top: 38mm Honeycomb Board<br />Frame: 15mm Particle Board<br />Leg: Powder coated metal<br />Finish: Melamine<br />Overall dimensions: 140cm x 60cm x 72cm<br />Colour: Black<br />Assembly Required: Yes<br />Number of packages: 2<br /><p><strong>Package Content</strong><br />1 x Artiss Computer desk <br />1 x Assembly manual <br /></p>",12/1/2021,12/4/2021,taxable,,1,183,0,0,85.32,58.07,4.45,33.46,1,,155.21,182.6,,,,"https://cdn.dropshipzone.com.au/media/catalog/product/D/E/DESK-140M-BK-AB-00.jpg,https://cdn.dropshipzone.com.au/media/catalog/product/D/E/DESK-140M-BK-AB-01.jpg,https://cdn.dropshipzone.com.au/media/catalog/product/D/E/DESK-140M-BK-AB-02.jpg,https://cdn.dropshipzone.com.au/media/catalog/product/D/E/DESK-140M-BK-AB-03.jpg,https://cdn.dropshipzone.com.au/media/catalog/product/D/E/DESK-140M-BK-AB-04.jpg,https://cdn.dropshipzone.com.au/media/catalog/product/D/E/DESK-140M-BK-AB-05.jpg,https://cdn.dropshipzone.com.au/media/catalog/product/D/E/DESK-140M-BK-AB-99.jpg",,,,,,,,,0,Color,Black,1,1,Brand,Artiss,1,1,EAN,9.35E+12,1,1
1949,simple,DESK-140M-WH-AB,Artiss Metal Desk with 3 Drawers - White,1,0,1,,"<p>Simple yet practical, this revolutionary piece is surely the solution for a productive working environment. It provides sufficient working space and is fitted with a three drawer cabinet. Featuring a sturdy contruction and a simple design that will match any interior, it's the perfect furniture for your work area.</p><p><strong>Features</strong><br />Contemporary &amp; simple design<br />3 spacious drawers<br />Anti-rust metal runners<br />Drawers can be installed on either side<br />Anti-slip U-shape leg<br />Sturdy construction<br />Easy assembly<br /></p><p><strong>Specifications:</strong><br />Brand: Artiss<br />Tabletop material: 38mm honeycomb board<br />Frame material: 15mm particle board<br />Leg material: Powder coated metal<br />Finish: Melamine<br />Overall dimensions: 140cm x 60cm x 72cm<br />Colour: White<br />Assembly Required: Yes<br />Number of packages: 2<br /></p><p><strong>Package Content</strong><br />1 x Artiss Computer desk <br />1 x Assembly manual<br /></p>",12/1/2021,12/4/2021,taxable,,1,200,0,0,81.13,58.07,4.45,33.46,1,,155.21,182.6,,,,"https://cdn.dropshipzone.com.au/media/catalog/product/D/E/DESK-140M-WH-AB-00.jpg,https://cdn.dropshipzone.com.au/media/catalog/product/D/E/DESK-140M-WH-AB-01.jpg,https://cdn.dropshipzone.com.au/media/catalog/product/D/E/DESK-140M-WH-AB-02.jpg,https://cdn.dropshipzone.com.au/media/catalog/product/D/E/DESK-140M-WH-AB-03.jpg,https://cdn.dropshipzone.com.au/media/catalog/product/D/E/DESK-140M-WH-AB-04.jpg,https://cdn.dropshipzone.com.au/media/catalog/product/D/E/DESK-140M-WH-AB-05.jpg,https://cdn.dropshipzone.com.au/media/catalog/product/D/E/DESK-140M-WH-AB-99.jpg",,,,,,,,,0,Color,White,1,1,Brand,Artiss,1,1,EAN,9.35E+12,1,1
1996,simple,EH-15M-PA250A,Giantz 510w Electric Hoist winch,1,0,1,,"<p><strong>125/250kg 510 W Electric Hoist Winch</strong> <br>Powered by a 510W single-phase capacitance motor, the hoist comprises a 18m high tensile<br>cable, a rigid 95cm forced metal hook and an easy control with emergency stop switch.<br><strong><br>Features<br></strong><br><br>* Powered by lateral-magnetic single-phase capacitance motor<br>* Emergency instant stop switch<br>* 7x19 robust wire rope structure<br>* Single and double rope lifting<br>* Overload protection function<br>* 18 metres high tensile cable<br>* CE/GS/RoHS/EMC approval<br><strong><br>Specifications<br></strong>* Voltage:AC 240V/50Hz<br>* Moter power: 510W<br>* Single rope capacity:125kg<br>* Double rope capacity:250kg<br>* Rope type: 7x19 structure wire rope<br>* Rope diameter: 3mm<br>* Lifting speed: Single rope - 10 metres/min, Double rope - 5 metres/min<br>* Lifting height: Single rope - 18m, Double rope - 7.5m<br>* Weight: 11kg<br>* Length of power cable: 0.8m<br>* Length of control switch cable: 1.46m<br><strong><br>Package Contents<br></strong>1 x Electric Hoist<br>1 x User Manual<br></p>",12/1/2021,12/4/2021,taxable,,1,200,0,0,25.13,12.99,5.12,6.3,1,,108.63,127.8,,,,"https://cdn.dropshipzone.com.au/media/catalog/product/E/H/EH-15M-PA250A-00.jpg,https://cdn.dropshipzone.com.au/media/catalog/product/E/H/EH-15M-PA250A-01.jpg,https://cdn.dropshipzone.com.au/media/catalog/product/E/H/EH-15M-PA250A-02.jpg,https://cdn.dropshipzone.com.au/media/catalog/product/E/H/EH-15M-PA250A-03.jpg,https://cdn.dropshipzone.com.au/media/catalog/product/E/H/EH-15M-PA250A-04.jpg,https://cdn.dropshipzone.com.au/media/catalog/product/E/H/EH-15M-PA250A-05.jpg,https://cdn.dropshipzone.com.au/media/catalog/product/E/H/EH-15M-PA250A-99.jpg",,,,,,,,,0,,,1,1,Brand,Giantz,1,1,EAN,9.35E+12,1,1
1997,simple,EH-15M-PA600A,Giantz 1200w Electric Hoist winch,1,0,1,,"<p><strong>300/600KG 1200 W Electric Hoist Winch</strong> <br>Ideal for garage, warehouse and other applications and the hoist is useful for <br>suspending heavy loads.<br><strong><br>Features<br></strong>* Powered by lateral-magnetic single-phase capacitance motor<br>* Emergency instant stop switch<br>* 7x19 robust wire rope structure<br>* Single and double rope lifting<br>* Overload protection function<br>* 18 metres high tensile cable<br>* CE/GS/RoHS/EMC approval<br><strong><br>Specifications<br></strong>* Voltage:AC 240V/50Hz<br>* Input power: 1200W<br>* Single rope capacity:300kg<br>* Double rope capacity:600kg<br>* Rope type: 7x19 structure wire rope<br>* Rope diameter: 4.5mm<br>* Lifting speed: Single rope - 10 metres/min, Double rope - 5 metres/min<br>* Lifting height: Single rope - 18m, Double rope - 7.5m<br>* Weight: 16.5kg<br>* Length of wire remote: 14.5m<br>* Length of power cable: 0.8m<br>* Length of control switch cable: 1.8m<br><strong><br>Package Contents<br></strong>1 X Electric Hoist<br>1 X User Manual<br><br></p>",12/1/2021,12/4/2021,taxable,,1,181,0,0,39.9,16.34,6.69,10.24,1,,116.03,136.5,,,,"https://cdn.dropshipzone.com.au/media/catalog/product/E/H/EH-15M-PA600A-00.jpg,https://cdn.dropshipzone.com.au/media/catalog/product/E/H/EH-15M-PA600A-01.jpg,https://cdn.dropshipzone.com.au/media/catalog/product/E/H/EH-15M-PA600A-02.jpg,https://cdn.dropshipzone.com.au/media/catalog/product/E/H/EH-15M-PA600A-03.jpg,https://cdn.dropshipzone.com.au/media/catalog/product/E/H/EH-15M-PA600A-04.jpg,https://cdn.dropshipzone.com.au/media/catalog/product/E/H/EH-15M-PA600A-05.jpg,https://cdn.dropshipzone.com.au/media/catalog/product/E/H/EH-15M-PA600A-99.jpg",,,,,,,,,0,,,1,1,Brand,Giantz,1,1,EAN,9.35E+12,1,1
2009,simple,FIK-ROPE-500M,Giantz 500m Stainless Steel Polywire Poly Tape Electric Fence,1,0,1,,<p><strong>500m Stainless Steel Polywire Insulator</strong> <br>Polyrope helps improve the visability of electric fences to keep livestock or pets<br>away from it. <br><strong><br>Features<br></strong>* Highly visible red and white rope to reduce accidental contacts<br>* Compatible with fence energiser<br>* 6 strands of 0.20mm stainless steel<br>* Tightly wound and UV stabilised; avoids disintegration under sun<br>* Antirust and high conductivity stainless steel wire<br>* Ideal for livestock fencing and control grazing<br><strong><br>Specifications<br></strong>* Length: 500m/roll<br>* Width: 4mm<br>* Strand: 6 x 0.2MM stainless steel wire<br>* Electrical resistance: 5.3O OHMS<br>* Coating: UV treated<br>* Colour: Red & white<br><strong><br>Package Contents<br></strong>1x 500m Polyrope<br></p>,12/1/2021,12/4/2021,taxable,,1,54,0,0,10.36,9.06,9.25,12.01,1,,50.85,56.5,,,,"https://cdn.dropshipzone.com.au/media/catalog/product/F/I/FIK-ROPE-500M-00.jpg,https://cdn.dropshipzone.com.au/media/catalog/product/F/I/FIK-ROPE-500M-01.jpg,https://cdn.dropshipzone.com.au/media/catalog/product/F/I/FIK-ROPE-500M-02.jpg,https://cdn.dropshipzone.com.au/media/catalog/product/F/I/FIK-ROPE-500M-03.jpg,https://cdn.dropshipzone.com.au/media/catalog/product/F/I/FIK-ROPE-500M-04.jpg,https://cdn.dropshipzone.com.au/media/catalog/product/F/I/FIK-ROPE-500M-05.jpg,https://cdn.dropshipzone.com.au/media/catalog/product/F/I/FIK-ROPE-500M-99.jpg",,,,,,,,,0,,,1,1,Brand,Giantz,1,1,EAN,9.35E+12,1,1
2054,simple,GO-LM172-WK-PAD,LockMaster Wireless Control Keypad Gate Opener,1,0,1,,"<p><strong>Wireless Control Keypad Gate Opener</strong> <br>With programmable and learning mode, the control keypad can have a password set<br>for optimum safety with the use of wireless keypad.<br><strong><br>Features<br></strong>* Compatible with all LockMaster gate openers<br>* LED backlight key<br>* Programmable and learning mode<br>* Adjustable control distance<br><strong><br>Specifications<br></strong>* Remote range: 5-10m<br>* Frequency: 433.92MHz<br>* Battery: 3 x AAA (1.5V) battery<br><strong><br>Package Contents<br></strong>1x Wireless Keypad Control<br>1x User Manual<br></p>",12/1/2021,12/4/2021,taxable,,1,200,0,0,0.6,3.54,2.17,3.54,1,,28.05,33,,,,"https://cdn.dropshipzone.com.au/media/catalog/product/G/O/GO-LM172-WK-PAD-00.jpg,https://cdn.dropshipzone.com.au/media/catalog/product/G/O/GO-LM172-WK-PAD-01.jpg,https://cdn.dropshipzone.com.au/media/catalog/product/G/O/GO-LM172-WK-PAD-02.jpg,https://cdn.dropshipzone.com.au/media/catalog/product/G/O/GO-LM172-WK-PAD-03.jpg,https://cdn.dropshipzone.com.au/media/catalog/product/G/O/GO-LM172-WK-PAD-04.jpg,https://cdn.dropshipzone.com.au/media/catalog/product/G/O/GO-LM172-WK-PAD-05.jpg,https://cdn.dropshipzone.com.au/media/catalog/product/G/O/GO-LM172-WK-PAD-06.jpg,https://cdn.dropshipzone.com.au/media/catalog/product/G/O/GO-LM172-WK-PAD-07.jpg",,,,,,,,,0,,,1,1,Brand,LockMaster,1,1,EAN,9.35E+12,1,1
2168,simple,MATTRESS-PILLOWX2,Giselle Bedding Set of 2 Visco Elastic Memory Foam Pillows,1,0,1,,"<p><strong>Set of 2 Deluxe Visco Elastic Memory Foam Contour Pillow</strong></p><p>Improving your sleep quality has never been easier! It's time to replace your old and flat pillows with our revolutionary Set of 2 Deluxe Visco Elastic Memory Foam Contour Pillow. Memory foam is a great invention and it has been widely used in many places where comfort is crucial, including hotels and hospitals. A memory foam pillow is made of special high density foam with 10cm thickness to allow even distribution of weight, and to provide great support for your neck and shoulder while you sleep. As part of our bedding series, this high quality yet affordable pillow is all you need to improve your sleep quality.</p><p><strong>Note: The pillows are vacuum packed in the box.</strong></p><p><strong>Features</strong></p><ul><li>100% Visco elastic memory foam</li><li>High density: 55kg/m3</li><li>10cm best thickness for its density</li><li>Great support for neck &amp; shoulder</li><li>Comfortable and contours to the shape of your head</li><li>Allows even distribution of weight</li><li>Reduces pressure points</li><li>Suitable for all sleeping positions</li><li>Highly breathable</li><li>Removable jacquard knitting fabric cover with zipper</li><li>Product dimensions: 50cm x 30cm x 10cm each</li><li>Tidy and hygienic packaging</li></ul><p><strong>Package Contents</strong></p><ul><li>2 x Memory Foam Pillow</li></ul>",12/1/2021,12/4/2021,taxable,,0,0,0,0,3.97,20.2,12.2,7.28,1,,35.87,42.2,,,,"https://cdn.dropshipzone.com.au/media/catalog/product/M/A/MATTRESS-PILLOWX2-03.jpg,https://cdn.dropshipzone.com.au/media/catalog/product/M/A/MATTRESS-PILLOWX2-00.jpg,https://cdn.dropshipzone.com.au/media/catalog/product/M/A/MATTRESS-PILLOWX2-01.jpg,https://cdn.dropshipzone.com.au/media/catalog/product/M/A/MATTRESS-PILLOWX2-02.jpg,https://cdn.dropshipzone.com.au/media/catalog/product/M/A/MATTRESS-PILLOWX2-04.jpg,https://cdn.dropshipzone.com.au/media/catalog/product/M/A/MATTRESS-PILLOWX2-05.jpg,https://cdn.dropshipzone.com.au/media/catalog/product/M/A/MATTRESS-PILLOWX2-99.jpg",,,,,,,,,0,Color,White,1,1,Brand,Giselle Bedding,1,1,EAN,9.35E+12,1,1
2173,simple,MATTRESS-SHED-PILLOWX2,Giselle Bedding Set of 2 Visco Elastic Memory Foam Pillows,1,0,1,,"<p><strong>Set of 2 Deluxe Shredded Memory Foam Pillow</strong></p><p>Improving your sleep quality has never been easier! It is time to replace your old and flat pillows with our revolutionary memory foam pillows. You will be amazed how much better your sleep will be by using the 5 Star Luxury pillow.<br /><br />Memory foam is a great invention and it has been widely used in many places where comfort is crucial, including hotels and hospitals. A memory foam pillow is made of special high density foam with 13cm thickness to allow even distribution of weight, and to provide great support for your neck and shoulder while you sleep. <br /><br />As part of our bedding series, this high quality yet affordable pillow is all you need to improve your sleep quality.</p><p><strong>Note: The pillow is vacuum packed in the box.</strong></p><p><strong>Features</strong></p><ul><li>100% Visco elastic memory foam<strong></strong></li><li>Extra high density: 45kg/m3</li><li>Large pillows suitable for any sleeping positions</li><li>Great for reading in bed</li><li>Comfortable and contours to the shape of your head and neck</li><li>Allows even distribution of weight</li><li>Reduces pressure points on neck and shoulder</li><li>Highly breathable</li><li>Medium support, medium profile</li><li>Temperature sensitive</li><li>Removable &amp; washable fabric cover with zipper</li><li>Product dimensions: 70cm x 40cm x 13cm each</li><li>Roll up packaging design</li><li>Dust mite &amp; mould resistant</li><li>Tidy and hygienic packaging</li><li>*Please allow three days for pillows to expand to its normal shape after unpacking</li></ul><p><strong>Package Contents</strong></p><ul><li>2 x Memory Foam Pillows</li></ul>",12/1/2021,12/4/2021,taxable,,1,200,0,0,8.38,6.89,6.89,8.46,1,,40.8,48,,,,"https://cdn.dropshipzone.com.au/media/catalog/product/M/A/MATTRESS-SHED-PILLOWX2-03.jpg,https://cdn.dropshipzone.com.au/media/catalog/product/M/A/MATTRESS-SHED-PILLOWX2-00.jpg,https://cdn.dropshipzone.com.au/media/catalog/product/M/A/MATTRESS-SHED-PILLOWX2-01.jpg,https://cdn.dropshipzone.com.au/media/catalog/product/M/A/MATTRESS-SHED-PILLOWX2-02.jpg,https://cdn.dropshipzone.com.au/media/catalog/product/M/A/MATTRESS-SHED-PILLOWX2-04.jpg,https://cdn.dropshipzone.com.au/media/catalog/product/M/A/MATTRESS-SHED-PILLOWX2-05.jpg,https://cdn.dropshipzone.com.au/media/catalog/product/M/A/MATTRESS-SHED-PILLOWX2-99.jpg",,,,,,,,,0,Color,White,1,1,Brand,Giselle Bedding,1,1,EAN,9.35E+12,1,1
2192,simple,MP-WT1003,Weifeng Extendable Portable Camera Monopod Tripod - Black,1,0,1,,"<p><strong>Camera Monopod </strong></p><p>Whether you are an amateur or professional photographer, you would need a steady and robust monopod in your photography gear. This monopod is a great addition to any heavy calibre lens when handheld is difficult. The adjustable length provides you extra manoeuvrability to ensure your photos will look sharper and crisper. The sturdy construction and professional look of the monopod will provide you a great hand to your next photo shoot event.</p><p><strong>Note: Tripod quick release plate screw fits camera with 1/4"" screw interface.</strong></p><p><strong>Features</strong><br>* Aluminium construction - extremely lightweight<br /> * Flip lock for quick lock and release actions<br /> * Carry bag</p><p><strong>Specifications</strong><br>* Maximum height: 171cm<br /> * Minimum height: 55cm<br /> * Diameter: 4cm<br /> * Weight: 360g<br /> * Maximum capacity: 3kg</p><p><strong>Package Contents</strong><br>* 1 x Camera Monopod<br /> * 1 x Carry Bag</p><p>&nbsp;</p>",,,taxable,,0,0,0,0,1.15,22.36,2.01,2.01,1,,6.1,6.1,,,,"https://cdn.dropshipzone.com.au/media/catalog/product/M/P/MP-WT1003-00.jpg,https://cdn.dropshipzone.com.au/media/catalog/product/M/P/MP-WT1003-01.jpg,https://cdn.dropshipzone.com.au/media/catalog/product/M/P/MP-WT1003-02.jpg,https://cdn.dropshipzone.com.au/media/catalog/product/M/P/MP-WT1003-03.jpg,https://cdn.dropshipzone.com.au/media/catalog/product/M/P/MP-WT1003-04.jpg,https://cdn.dropshipzone.com.au/media/catalog/product/M/P/MP-WT1003-05.jpg,https://cdn.dropshipzone.com.au/media/catalog/product/M/P/MP-WT1003-99.jpg",,,,,,,,,0,Color,Black,1,1,Brand,Weifeng,1,1,EAN,9.35E+12,1,1
2195,simple,MT-ALUM-GA301-BK-70,Zenses 70cm Wide Portable Aluminium Massage Table 3 Fold Treatment Beauty Therapy Black,1,0,1,,"<p>Portable and Savvy<p>Its big and bulky. Youre right. But youll be surprised how this 70cm wide massage table can be tucked away and become portable. Carry it around in rain or sunshine without having to worry about your massage table wearing off.<p>Quality Features<p>Featuring a removable and adjustable face cradle and arm rest and high density foam, it works just like the ones at professional therapy clinics and massage centres. Compared to other massage tables on the market that only has a frail support cable, our massage table features a specially designed reinforced """" w """" shaped frame structure which greatly enhances sturdiness.</p><p>Sturdy Structure</p><p>Moreover, it is made of aluminium giving it a robust structure, be assured it's made to last. It may not look like it, but its sturdy structure supports up to 250kg while the massage table only weighs 17kg alone. And with 8 height adjustments, you can choose the height that is most comfortable for your client.</p><p><strong>Features</strong><br />3 fold<br />70cm wide<br />Lightweight and portable<br />Heavy duty frame<br />Sturdy frame structure<br />Full length for maximum comfort<br />Creative removable and adjustable face cradle (Headrest)<br />Comfortable side armrests<br />Adjustable brackets<br />Adjustable heights<br />High quality vinyl surface- oil-proof and waterproof<br />Supports up to 550 pounds (250kg)<br />Easy to setup<br />FREE Carry Bag<br />FREE Disposable Cover Set of 4 pieces (1 x headrest, 2 x armrest and 1 x massage table)</p><p><strong>Specifications:</strong><br />Weight capacity: 550 pounds (250kg)<br />Overall dimensions: 210 (L) x 70 (W) x 59 - 80cm (H)<br />Folded Dimensions: 92cm (L) x 17cm (W) x 70cm (H)<br />Colour: Black<br /></p><p><strong>Package Content</strong><br />  1 x  Aluminium Massage Table<br />  1 x Carry Bag <br />  1 x Disposable Cover Set <br /></p>",12/1/2021,12/4/2021,taxable,,1,36,0,0,36.82,37.4,29.53,6.1,1,,130.24,162.8,,,,"https://cdn.dropshipzone.com.au/media/catalog/product/M/T/MT-ALUM-GA301-BK-70-00.jpg,https://cdn.dropshipzone.com.au/media/catalog/product/M/T/MT-ALUM-GA301-BK-70-01.jpg,https://cdn.dropshipzone.com.au/media/catalog/product/M/T/MT-ALUM-GA301-BK-70-02.jpg,https://cdn.dropshipzone.com.au/media/catalog/product/M/T/MT-ALUM-GA301-BK-70-03.jpg,https://cdn.dropshipzone.com.au/media/catalog/product/M/T/MT-ALUM-GA301-BK-70-04.jpg,https://cdn.dropshipzone.com.au/media/catalog/product/M/T/MT-ALUM-GA301-BK-70-05.jpg,https://cdn.dropshipzone.com.au/media/catalog/product/M/T/MT-ALUM-GA301-BK-70-99.jpg",,,,,,,,,0,Color,Black,1,1,Brand,Zenses,1,1,EAN,9.35E+12,1,1
