ID,Type,SKU,Name,Published,Is featured?,Visibility in catalog,Short Description,Description,Date sale price starts,Date sale price ends,Tax status,Tax class,In stock?,Stock,Low stock amount,Backorders allowed?,Sold individually?,Weight (g),Length (cm),Width (cm),Height (cm),Allow customer reviews?,Purchase note,Sale price,Regular price,Categories,Tag,Shipping class,Image,Cross-sells,External URL,Button text,Position,Brand,product_barcode,item_group,item_subgroup,shipping_operation,NSW,WA,VIC,TAS,NT,QLD,ACT,SA,Price Range1,Price Range3,Price Range4,Price Range5,Price Range6,Price Range7,Price Range8,Price Range9,Price Range10,Category,Parent SKU,Parent Title
,simple,HW0058,Lawn Aerator Roller Scarifier  Rolling Steel Spike Tool Garden Yard Farm Grass,Yes,Yes,visible,,"<strong>DESCRIPTION</strong<p>Plant a healthy growth, promote a beautiful lawn with our Lawn Aerator. An essential product for every garden lover, a unique design that helps strengthen the grassroots by plugging the ground with tiny holes to allow the air to better reach the roots. A simple yet effective process that will ensure your lawn stays prosperous and greener all the time.</p>
<p>For most lawns, the fertile soil may be buried underneath a blanket of dust, impure soil, and many more. These impurities deteriorate plant life thus tampering with delicacy. Bypass all these troubles by using our lawn aerator. It comprises of small spikes that you can roll around simultaneously to create miniature vents to offer a smoother flow of water, fertilizers, and air into the ground. It will improve the soil water absorption capacity, makes the roots strong, reduces soil compaction, and enhances thatch breakdown.</p>
<p>It is made of high-quality galvanized steel and PP plastic. The entire structure is built strong and tough to withstand regular and long-term usage. Its steel construction provides high resistance towards rust and corrosion, so no more worry if the conditions are wet. Very lightweight and portable, easy for you to grab and start rolling. It comes with an ergonomic long handle for improved efficiency and usability. If you want to store it &ndash; it&rsquo;s simple, disassemble it into 3 pieces for easy storage.</p>
<p>Help the nature way, build your green way. Start lawing! Order your lawn aerator now. &nbsp;&nbsp;</p>
<p><strong>Key</strong><strong>&nbsp;</strong><strong>Features:</strong></p>
<ul>
<li>27Galvanized spikes</li>
<li>Acerate up to 3.5cm depth</li>
<li>Lightweight and portable</li>
<li>Applicable on dirt, sand and clay</li>
<li>Improves turf health</li>
<li>Reduces thatch build-up</li>
<li>Relieves soil compaction</li>
<li>3Pcs detachable&nbsp;tubular&nbsp;handle</li>
</ul><p><strong>SPECIFICATION</strong><ul>
<li>Spike and frame material: Galvanized steel</li>
<li>Wheel material: PP plastic</li>
<li>Diameter: 14.5 cm</li>
<li>Spike length: 3.5 cm</li>
<li>Number of spike：27</li>
<li>Weight：3.4kg</li>
<li>Dimension: 44cm x 14.5cm x 150cm</li>
<li>Colour: Green</li>
</ul><p><strong>PACKAGE CONTENTS</strong><ul>
<li>1 x Lawn Aerator Roller</li>
<li>1 x Instruction Manual</li>
</ul>",,,taxable,Taxable Goods,0,0,5,,1,3890,45.5,24.5,22.5,1,,89.99,105.99,"Default Category/All Products,Default Category/Home & Garden,Default Category/Home & Garden/Yard,Default Category/Home & Garden/Gardening Supplies,Default Category/Home & Garden/Artificial Grass",,,"https://www.idropship.com.au/pub/media/catalog/product/H/W/HW0058_base.jpg,https://www.idropship.com.au/pub/media/catalog/product/H/W/HW0058_42.jpg,https://www.idropship.com.au/pub/media/catalog/product/H/W/HW0058_43.jpg,https://www.idropship.com.au/pub/media/catalog/product/H/W/HW0058_44.jpg,https://www.idropship.com.au/pub/media/catalog/product/H/W/HW0058_45.jpg,https://www.idropship.com.au/pub/media/catalog/product/H/W/HW0058_46.jpg,https://www.idropship.com.au/pub/media/catalog/product/H/W/HW0058_47.jpg,https://www.idropship.com.au/pub/media/catalog/product/H/W/HW0058_48.jpg",,,,,Unbranded,9.36E+12,Tools & Accessories,Lawn Scarifier,0,0,0,0,0,0,0,0,0,,,,,,,,,,Dog/Dog Feeding & Cleanup/Dog Clean Up & Odours,,
,simple,SG1003-10SQM-AU,10SQM Artificial Grass Lawn Synthetic Turf Flooring Outdoor Plant Lawn 40MM,Yes,Yes,visible,,"<b>DESCRIPTION</b><p>Want to decorate your environments? Our Artificial&nbsp;Grass would be your prime choice, suitable for both indoor and outdoor environment. It is an attractive and maintenance-free alternative to real grass. Made from a UV stabilised yarn, this turf is anti-colour fading and sun damage, also it is odourless and non-toxic. The polyethylene (PE) material features excellent properties, and the backing of the turf encourages quick drainage and holds fast to the ground, even without any taping. It looks incredibly natural and has the appearance of a perfectly manicured lawn. Let our Artificial&nbsp;Grass brings convenience and ambience to your everyday life. No more weeding, watering, mowing or trimming!&nbsp;</p>
<p>If you concern it&rsquo;s&nbsp;not firm enough, you can purchase our Joining&nbsp;Tape. There are 4 size options, made of non-woven fabric is strong enough to keep firmly for years.&nbsp;Exceptional adhesion qualities, bond artificial grasses securely. Simply cut it to your desired size, lay it on the ground and press the turf smoothly and evenly.</p>
<p><strong>Key Features</strong></p>
<ul>
<li>Realistic turf</li>
<li>Maintenance free</li>
<li>Premium polyethylene</li>
<li>Wear and fade resistance</li>
<li>Odorless and non-toxic</li>
<li>Pet and kids friendly</li>
<li>Genuine and softer touch</li>
<li>Easy to cut and install</li>
</ul><b>SPECIFICATION</b><p>Material: PP and PE</p>
<p>Pile height: 40mm</p>
<p>Tufted density (d/M2):15700D</p>
<p>Stitch rate (/10cm):12</p>
<p>Dimension: 2m x 5m (10SQM)</p>
<p>Colour: 4-Colour</p><b>PACKAGE CONTENTS</b><ul>
<li>1x Artificial Grass</li>
</ul>",05/19/2021,,taxable,Taxable Goods,1,0,5,,1,18000,205,25,25,1,,107.99,319.99,"Default Category/All Products,Default Category/Home & Garden,Default Category/Home & Garden/Yard,Default Category/Home & Garden/Gardening Supplies,Default Category/Home & Garden/Artificial Grass",,,"https://www.idropship.com.au/pub/media/catalog/product/S/G/SG1003-10SQM-AU_base.jpg,https://www.idropship.com.au/pub/media/catalog/product/S/G/SG1003-10SQM-AU_42.jpg,https://www.idropship.com.au/pub/media/catalog/product/S/G/SG1003-10SQM-AU_43.jpg,https://www.idropship.com.au/pub/media/catalog/product/S/G/SG1003-10SQM-AU_44.jpg,https://www.idropship.com.au/pub/media/catalog/product/S/G/SG1003-10SQM-AU_45.jpg,https://www.idropship.com.au/pub/media/catalog/product/S/G/SG1003-10SQM-AU_46.jpg,https://www.idropship.com.au/pub/media/catalog/product/S/G/SG1003-10SQM-AU_47.jpg",,,,,Unbranded,9.36E+12,Garden / Agriculture,Artificial Grass,0,0,0,0,0,0,0,0,0,,,,,,,,,,Dog/Dog Feeding & Cleanup/Dog Clean Up & Odours,,
,simple,SG1003-1X10M,10M Artificial Grass Synthetic Turf Plastic Plant Lawn Joining Tape,Yes,Yes,visible,,"<b>DESCRIPTION</b><p>Want to decorate your environments? Our Artificial&nbsp;Grass would be your prime choice, suitable for both indoor and outdoor environment. It is an attractive and maintenance-free alternative to real grass. Made from a UV stabilised yarn, this turf is anti-colour fading and sun damage, also it is odourless and non-toxic. The polyethylene (PE) material features excellent properties, and the backing of the turf encourages quick drainage and holds fast to the ground, even without any taping. It looks incredibly natural and has the appearance of a perfectly manicured lawn. Let our Artificial&nbsp;Grass brings convenience and ambience to your everyday life. No more weeding, watering, mowing or trimming!&nbsp;</p>
<p>If you concern it&rsquo;s&nbsp;not firm enough, you can purchase our Joining&nbsp;Tape. There are 4 size options, made of non-woven fabric is strong enough to keep firmly for years.&nbsp;Exceptional adhesion qualities, bond artificial grasses securely. Simply cut it to your desired size, lay it on the ground and press the turf smoothly and evenly.</p>
<p><strong>Key Features</strong></p>
<ul>
<li>Realistic turf</li>
<li>Maintenance free</li>
<li>Premium polyethylene</li>
<li>Wear and fade resistance</li>
<li>Odorless and non-toxic</li>
<li>Pet and kids friendly</li>
<li>Genuine and softer touch</li>
<li>Easy to cut and install</li>
</ul><b>SPECIFICATION</b><p>Material: PP and PE</p>
<p>Pile height: 40mm</p>
<p>Tufted density (d/M2):15700D</p>
<p>Stitch rate (/10cm):12</p>
<p>Dimension: 1m x 10m (10SQM)</p>
<p>Colour: 4-Colour</p><b>PACKAGE CONTENTS</b><ul>
<li>1x Artificial Grass</li>
</ul>",,,taxable,Taxable Goods,0,0,5,,1,37000,204,27,27,1,,98.99,319.99,"Default Category/All Products,Default Category/Home & Garden,Default Category/Home & Garden/Yard,Default Category/Home & Garden/Gardening Supplies,Default Category/Home & Garden/Artificial Grass",,,"https://www.idropship.com.au/pub/media/catalog/product/S/G/SG1003-1X10M_base.jpg,https://www.idropship.com.au/pub/media/catalog/product/S/G/SG1003-1X10M_42.jpg,https://www.idropship.com.au/pub/media/catalog/product/S/G/SG1003-1X10M_43.jpg,https://www.idropship.com.au/pub/media/catalog/product/S/G/SG1003-1X10M_44.jpg,https://www.idropship.com.au/pub/media/catalog/product/S/G/SG1003-1X10M_45.jpg,https://www.idropship.com.au/pub/media/catalog/product/S/G/SG1003-1X10M_46.jpg,https://www.idropship.com.au/pub/media/catalog/product/S/G/SG1003-1X10M_47.jpg",,,,,Unbranded,9.36E+12,Garden / Agriculture,Artificial Grass,0,0,0,0,0,0,0,0,0,,,,,,,,,,Dog/Dog Feeding & Cleanup/Dog Clean Up & Odours,SG1003-TAPE,Artificial Grass Synthetic Turf Plastic Plant Lawn Joining Tape
,simple,SG1003-1X20M,20M Artificial Grass Synthetic Turf Plastic Plant Lawn Joining Tape,Yes,Yes,visible,,"<b>DESCRIPTION</b><p>Want to decorate your environments? Our Artificial&nbsp;Grass would be your prime choice, suitable for both indoor and outdoor environment. It is an attractive and maintenance-free alternative to real grass. Made from a UV stabilised yarn, this turf is anti-colour fading and sun damage, also it is odourless and non-toxic. The polyethylene (PE) material features excellent properties, and the backing of the turf encourages quick drainage and holds fast to the ground, even without any taping. It looks incredibly natural and has the appearance of a perfectly manicured lawn. Let our Artificial&nbsp;Grass brings convenience and ambience to your everyday life. No more weeding, watering, mowing or trimming!&nbsp;</p>
<p>If you concern it&rsquo;s&nbsp;not firm enough, you can purchase our Joining&nbsp;Tape. There are 4 size options, made of non-woven fabric is strong enough to keep firmly for years.&nbsp;Exceptional adhesion qualities, bond artificial grasses securely. Simply cut it to your desired size, lay it on the ground and press the turf smoothly and evenly.</p>
<p><strong>Key Features</strong></p>
<ul>
<li>Realistic turf</li>
<li>Maintenance free</li>
<li>Premium polyethylene</li>
<li>Wear and fade resistance</li>
<li>Odorless and non-toxic</li>
<li>Pet and kids friendly</li>
<li>Genuine and softer touch</li>
<li>Easy to cut and install</li><b>SPECIFICATION</b><p>Material: PP and PE</p>
<p>Pile height: 40mm</p>
<p>Tufted density (d/M2):15700D</p>
<p>Stitch rate (/10cm):12</p>
<p>Dimension: 1m x 20m (20SQM)</p>
<p>Colour: 4-Colour</p><b>PACKAGE CONTENTS</b><ul>
<li>1x Artificial Grass</li>
</ul>",,,taxable,Taxable Goods,0,0,5,,1,37000,204,27,27,1,,206.99,669,"Default Category/All Products,Default Category/Home & Garden,Default Category/Home & Garden/Yard,Default Category/Home & Garden/Gardening Supplies,Default Category/Home & Garden/Artificial Grass",,,"https://www.idropship.com.au/pub/media/catalog/product/S/G/SG1003-1X20M_base.jpg,https://www.idropship.com.au/pub/media/catalog/product/S/G/SG1003-1X20M_42.jpg,https://www.idropship.com.au/pub/media/catalog/product/S/G/SG1003-1X20M_43.jpg,https://www.idropship.com.au/pub/media/catalog/product/S/G/SG1003-1X20M_44.jpg,https://www.idropship.com.au/pub/media/catalog/product/S/G/SG1003-1X20M_45.jpg,https://www.idropship.com.au/pub/media/catalog/product/S/G/SG1003-1X20M_46.jpg,https://www.idropship.com.au/pub/media/catalog/product/S/G/SG1003-1X20M_47.jpg",,,,,Unbranded,9.36E+12,Garden / Agriculture,Artificial Grass,0,0,0,0,0,0,0,0,0,,,,,,,,,,Dog/Dog Feeding & Cleanup/Dog Clean Up & Odours,SG1003-TAPE,Artificial Grass Synthetic Turf Plastic Plant Lawn Joining Tape
,simple,SG1003-2x10m-NT,40MM Artificial Grass Synthetic 20SQM Pegs Turf Plastic Fake Plant Lawn Flooring,Yes,Yes,visible,,"<b>DESCRIPTION</b>Want to decorate your garden? Our Artificial Grass would be your prime choice, suitable for both indoor and outdoor environment. It is an attractive and maintenance-free alternative to real grass. Made from a UV stabilised yarn, this turf is anti-colour fading and sun damage yet odourless and non-toxic. The polyethylene (PE) material features excellent properties, and the turf backing encourages quick drainage and holds fast to the ground, even without any taping. It looks incredibly natural and has perfectly manicured lawn appearance. Let our Artificial Grass brings convenience and ambience to your everyday life. No more weeding, watering, mowing or trimming! 
If you concern an extra secure hold to its ground, you can purchase our Joining Tape. There are 4 size options, made of non-woven fabric for robot use to keep firmly for years. Exceptional adhesion qualities, bond artificial grasses securely. Simply cut it to your desired size, lay it on the ground and press the turf smoothly and evenly.
<p><strong>Key Features:</strong></p>
<ul>
<li>Realistic turf</li>
<li>Maintenance free</li>
<li>Premium polyethylene</li>
<li>Wear and fade resistance</li>
<li>Odorless and non-toxic</li>
<li>Pet and kids friendly</li>
<li>Genuine and softer touch</li>
<li>Easy to cut and install</li>
</ul><b>SPECIFICATION</b><p>Material: PP and PE</p>
<p>Backing: Styrene-butadiene rubber</p>
<p>Pile height: 40mm</p>
<p>Tufted density (d/M2):15700D</p>
<p>Stitch rate (/10cm):15</p>
<p>Dimension:&nbsp; 2m x 10m (20SQM)</p>
<p>Colour: Three-colour</p><b>PACKAGE CONTENTS</b><ul>
<li>1x Artificial Grass</li>
</ul>",,,taxable,Taxable Goods,1,100,5,,1,36000,204,27,27,1,,282.1405,539.99,"Default Category/All Products,Default Category/Home & Garden,Default Category/Home & Garden/Yard,Default Category/Home & Garden/Gardening Supplies,Default Category/Home & Garden/Artificial Grass,Default Category/Discount Centre,Default Category/Deals & Offers",,,"https://www.idropship.com.au/pub/media/catalog/product/S/G/SG1003-2x10m-NT_base.jpg,https://www.idropship.com.au/pub/media/catalog/product/S/G/SG1003-2x10m-NT_42.jpg,https://www.idropship.com.au/pub/media/catalog/product/S/G/SG1003-2x10m-NT_43.jpg,https://www.idropship.com.au/pub/media/catalog/product/S/G/SG1003-2x10m-NT_44.jpg,https://www.idropship.com.au/pub/media/catalog/product/S/G/SG1003-2x10m-NT_45.jpg,https://www.idropship.com.au/pub/media/catalog/product/S/G/SG1003-2x10m-NT_46.jpg,https://www.idropship.com.au/pub/media/catalog/product/S/G/SG1003-2x10m-NT_47.jpg,https://www.idropship.com.au/pub/media/catalog/product/S/G/SG1003-2x10m-NT_48.jpg",,,,,,9.36E+12,Garden / Agriculture,Artificial Grass,0,0,0,0,0,0,0,0,0,,,,,,,,,,Dog/Dog Feeding & Cleanup/Dog Clean Up & Odours,SG1003-MAIN,Artificial Grass Synthetic 
,simple,SG1003-2x5m-NT,40MM Artificial Grass Synthetic 10SQM Pegs Turf Plastic Plant Fake Lawn Flooring,Yes,Yes,visible,,"<b>DESCRIPTION</b>Want to decorate your garden? Our Artificial Grass would be your prime choice, suitable for both indoor and outdoor environment. It is an attractive and maintenance-free alternative to real grass. Made from a UV stabilised yarn, this turf is anti-colour fading and sun damage yet odourless and non-toxic. The polyethylene (PE) material features excellent properties, and the turf backing encourages quick drainage and holds fast to the ground, even without any taping. It looks incredibly natural and has perfectly manicured lawn appearance. Let our Artificial Grass brings convenience and ambience to your everyday life. No more weeding, watering, mowing or trimming! 
If you concern an extra secure hold to its ground, you can purchase our Joining Tape. There are 4 size options, made of non-woven fabric for robot use to keep firmly for years. Exceptional adhesion qualities, bond artificial grasses securely. Simply cut it to your desired size, lay it on the ground and press the turf smoothly and evenly.
<p><strong>Key Features:</strong></p>
<ul>
<li>Realistic turf</li>
<li>Maintenance free</li>
<li>Premium polyethylene</li>
<li>Wear and fade resistance</li>
<li>Odorless and non-toxic</li>
<li>Pet and kids friendly</li>
<li>Genuine and softer touch</li>
<li>Easy to cut and install</li>
</ul><b>SPECIFICATION</b><p>Material: PP and PE</p>
<p>Backing: Styrene-butadiene rubber</p>
<p>Pile height: 40mm</p>
<p>Tufted density (d/M2):15700D</p>
<p>Stitch rate (/10cm):15</p>
<p>Dimension:&nbsp; 2m x 5m (10SQM)</p>
<p>Colour: Three-colour</p><b>PACKAGE CONTENTS</b><ul>
<li>1x Artificial Grass</li>
</ul>",,,taxable,Taxable Goods,1,100,5,,1,19300,210,26,26,1,,145.3405,319.99,"Default Category/All Products,Default Category/Home & Garden,Default Category/Home & Garden/Building Materials & DIY,Default Category/Home & Garden/Yard,Default Category/Home & Garden/Other Home & Garden,Default Category/Home & Garden/Gardening Supplies,Default Category/Home & Garden/Artificial Grass,Default Category/Discount Centre,Default Category/Deals & Offers",,,"https://www.idropship.com.au/pub/media/catalog/product/S/G/SG1003-2x5m-NT_base.jpg,https://www.idropship.com.au/pub/media/catalog/product/S/G/SG1003-2x5m-NT_42.jpg,https://www.idropship.com.au/pub/media/catalog/product/S/G/SG1003-2x5m-NT_43.jpg,https://www.idropship.com.au/pub/media/catalog/product/S/G/SG1003-2x5m-NT_44.jpg,https://www.idropship.com.au/pub/media/catalog/product/S/G/SG1003-2x5m-NT_45.jpg,https://www.idropship.com.au/pub/media/catalog/product/S/G/SG1003-2x5m-NT_46.jpg,https://www.idropship.com.au/pub/media/catalog/product/S/G/SG1003-2x5m-NT_47.jpg,https://www.idropship.com.au/pub/media/catalog/product/S/G/SG1003-2x5m-NT_48.jpg",,,,,Unbranded,9.36E+12,,,0,0,0,0,0,0,0,0,0,,,,,,,,,,Dog/Dog Feeding & Cleanup/Dog Clean Up & Odours,SG1003-MAIN,Artificial Grass Synthetic 
,simple,SG1003-2x5m-RL,40MM Fake Grass Artificial Synthetic Pegs Turf Plastic Plant Mat Lawn Flooring,Yes,Yes,visible,,"<b>DESCRIPTION</b>Want to decorate your garden? Our Artificial Grass would be your prime choice, suitable for both indoor and outdoor environment. It is an attractive and maintenance-free alternative to real grass. Made from a UV stabilised yarn, this turf is anti-colour fading and sun damage yet odourless and non-toxic. The polyethylene (PE) material features excellent properties, and the turf backing encourages quick drainage and holds fast to the ground, even without any taping. It looks incredibly natural and has perfectly manicured lawn appearance. Let our Artificial Grass brings convenience and ambience to your everyday life. No more weeding, watering, mowing or trimming! 
If you concern an extra secure hold to its ground, you can purchase our Joining Tape. There are 4 size options, made of non-woven fabric for robot use to keep firmly for years. Exceptional adhesion qualities, bond artificial grasses securely. Simply cut it to your desired size, lay it on the ground and press the turf smoothly and evenly.
<p><strong>Key Features:</strong></p>
<ul>
<li>Realistic turf</li>
<li>Maintenance free</li>
<li>Premium polyethylene</li>
<li>Wear and fade resistance</li>
<li>Odorless and non-toxic</li>
<li>Pet and kids friendly</li>
<li>Genuine and softer touch</li>
<li>Easy to cut and install</li>
</ul><b>SPECIFICATION</b><p>Material: PP and PE</p>
<p>Backing: Styrene-butadiene rubber</p>
<p>Pile height: 40mm</p>
<p>Tufted density (d/M2):15700D</p>
<p>Stitch rate (/10cm):15</p>
<p>Dimension:&nbsp; 2m x 5m (10SQM)</p>
<p>Colour: Four-colour</p><b>PACKAGE CONTENTS</b><ul>
<li>1x Artificial Grass</li>
</ul>",,,taxable,Taxable Goods,0,0,5,,1,19000,210,26,26,1,,152.99,319.99,"Default Category/All Products,Default Category/Home & Garden,Default Category/Home & Garden/Yard,Default Category/Home & Garden/Gardening Supplies,Default Category/Home & Garden/Artificial Grass",,,"https://www.idropship.com.au/pub/media/catalog/product/S/G/SG1003-2x5m-RL_base.jpg,https://www.idropship.com.au/pub/media/catalog/product/S/G/SG1003-2x5m-RL_42.jpg,https://www.idropship.com.au/pub/media/catalog/product/S/G/SG1003-2x5m-RL_43.jpg,https://www.idropship.com.au/pub/media/catalog/product/S/G/SG1003-2x5m-RL_44.jpg,https://www.idropship.com.au/pub/media/catalog/product/S/G/SG1003-2x5m-RL_45.jpg,https://www.idropship.com.au/pub/media/catalog/product/S/G/SG1003-2x5m-RL_46.jpg,https://www.idropship.com.au/pub/media/catalog/product/S/G/SG1003-2x5m-RL_47.jpg,https://www.idropship.com.au/pub/media/catalog/product/S/G/SG1003-2x5m-RL_48.jpg",,,,,,9.36E+12,Garden / Agriculture,Artificial Grass,0,0,0,0,0,0,0,0,0,,,,,,,,,,Dog/Dog Feeding & Cleanup/Dog Clean Up & Odours,SG1003-MAIN,Artificial Grass Synthetic 
,simple,SG1004,1x Artificial Boxwood Hedge Fake Vertical Garden Green Wall Mat Fence Outdoor,Yes,Yes,visible,,"<b>DESCRIPTION</b><p>These beautiful evergreen hedge panels are perfect for indoors or outdoors, decorating your home, fence, balcony or wall, instant boxwood hedge screenings and artificial vertical gardens, also perfect for offices, or shops to add some greenery indoors.</p>
<p>Super easy to install, can be joined together using the hole and lug system around the outside of each panel to make any size you want, and can be cut along the grid and the back to make them as small as you desire. &nbsp;</p>
<ul>
<li>UV-proof, weatherproof to withstand the elements. &nbsp;</li>
<li>Easily cut to fit your own need &nbsp;</li>
<li>Made in PU Material Life span 15 years, UV coating protection. &nbsp;</li>
<li>Trimming, watering and&nbsp;pesticides, fertilizers free &nbsp;</li>
<li>Thicker sturdy backing with drainage</li>
</ul><b>SPECIFICATION</b><ul>
<li>Material: HDPE (High Density Polyethylene)</li>
<li>Dimensions (LxWxH): 60cm x 40cm x 4cm</li>
<li>Colour: Green</li>
</ul><b>PACKAGE CONTENTS</b><ul>
<li>1x Synthetic Hedge Tile</li>
</ul>",07/30/2020,,taxable,Taxable Goods,0,0,5,,1,300,60,40,5,1,,11.5,39,"Default Category/All Products,Default Category/Home & Garden,Default Category/Home Decor,Default Category/Home Decor/Wall Garden,Default Category/Home Decor/Floral Decor,Default Category/Home & Garden/Artificial Grass",,,"https://www.idropship.com.au/pub/media/catalog/product/S/G/SG1004_base.jpg,https://www.idropship.com.au/pub/media/catalog/product/S/G/SG1004_42.jpg,https://www.idropship.com.au/pub/media/catalog/product/S/G/SG1004_43.jpg,https://www.idropship.com.au/pub/media/catalog/product/S/G/SG1004_44.jpg,https://www.idropship.com.au/pub/media/catalog/product/S/G/SG1004_45.jpg,https://www.idropship.com.au/pub/media/catalog/product/S/G/SG1004_46.jpg,https://www.idropship.com.au/pub/media/catalog/product/S/G/SG1004_47.jpg,https://www.idropship.com.au/pub/media/catalog/product/S/G/SG1004_48.jpg",,,,,Unbranded,9.36E+12,Garden / Agriculture,Artificial Grass Fence,0,0,0,0,0,0,0,0,0,,,,,,,,,,Dog/Dog Feeding & Cleanup/Dog Clean Up & Odours,,
,simple,SG1013-15x1000,1 Roll 10Mx15cm Self Adhesive Artificial Grass Fake Lawn Joining Tape,Yes,Yes,visible,,"<b>DESCRIPTION</b></ul>
<li>Designed for bonding and gluing down synthetic grass</li>
<li>Self-adhesive tape</li>
<li>Non-woven fabric, more durable</li>
<li>Can be cut into any desired size</li>
<li>Good durability and excellent adhesion</li>
<li>Convenient roll size for ease of handling</li>
<li>Easy to use</li>
<li>Suitable for both indoor and outdoor surfaces</li>
</ul><b>SPECIFICATION</b></ul>
<li>Material: Non-Woven Fabric</li>
<li>Size(L x W): 10Mx15CM</li>
<li>Colour: as picture</li>
</ul><b>PACKAGE CONTENTS</b><ul>
<li>1x Artificial Grass Tape</li>
</ul>",08/21/2020,,taxable,Taxable Goods,1,100,5,,1,690,11,11,16,1,,14.39,49,"Default Category/All Products,Default Category/Home & Garden,Default Category/Home & Garden/Yard,Default Category/Home & Garden/Gardening Supplies,Default Category/Home & Garden/Artificial Grass,Default Category/Back In Stock",,,"https://www.idropship.com.au/pub/media/catalog/product/S/G/SG1013-15x1000_base.jpg,https://www.idropship.com.au/pub/media/catalog/product/S/G/SG1013-15x1000_42.jpg,https://www.idropship.com.au/pub/media/catalog/product/S/G/SG1013-15x1000_43.jpg,https://www.idropship.com.au/pub/media/catalog/product/S/G/SG1013-15x1000_44.jpg,https://www.idropship.com.au/pub/media/catalog/product/S/G/SG1013-15x1000_45.jpg,https://www.idropship.com.au/pub/media/catalog/product/S/G/SG1013-15x1000_46.jpg,https://www.idropship.com.au/pub/media/catalog/product/S/G/SG1013-15x1000_47.jpg,https://www.idropship.com.au/pub/media/catalog/product/S/G/SG1013-15x1000_48.jpg",,,,,,9.36E+12,Garden / Agriculture,Artificial Grass,0,0,0,0,0,0,0,0,0,,,,,,,,,,Dog/Dog Feeding & Cleanup/Dog Clean Up & Odours,,
,simple,SG1013-15x1500,10-60SQM Artificial Grass Synthetic Turf Plastic Pegs Plant Lawn Joining Tape,Yes,Yes,visible,,"<b>DESCRIPTION</b><p>Want to decorate your environments? Our Artificial&nbsp;Grass would be your prime choice, suitable for both indoor and outdoor environment. It is an attractive and maintenance-free alternative to real grass. Made from a UV stabilised yarn, this turf is anti-colour fading and sun damage, also it is odourless and non-toxic. The polyethylene (PE) material features excellent properties, and the backing of the turf encourages quick drainage and holds fast to the ground, even without any taping. It looks incredibly natural and has the appearance of a perfectly manicured lawn. Let our Artificial&nbsp;Grass brings convenience and ambience to your everyday life. No more weeding, watering, mowing or trimming!&nbsp;</p>
<p>If you concern it&rsquo;s&nbsp;not firm enough, you can purchase our Joining&nbsp;Tape. There are 4 size options, made of non-woven fabric is strong enough to keep firmly for years.&nbsp;Exceptional adhesion qualities, bond artificial grasses securely. Simply cut it to your desired size, lay it on the ground and press the turf smoothly and evenly.</p>
<p><strong>Key Features</strong></p>
<ul>
<li>Realistic turf</li>
<li>Maintenance free</li>
<li>Premium polyethylene</li>
<li>Wear and fade resistance</li>
<li>Odorless and non-toxic</li>
<li>Pet and kids friendly</li>
<li>Genuine and softer touch</li>
<li>Easy to cut and install</li>
</ul><b>SPECIFICATION</b><p><strong>Artificial grass</strong></p>
<p><strong>40mm Pile height</strong><br />Material: PP and PE<br />Tufted density (d/M2): 15700D<br />Stitch rate (/10cm): 12<br />Pile height: 40mm<br />Dimension:<br />2m x 5m (10SQM)<br />2m x 10m (20SQM)<br />1m x 10m (10SQM)<br />1m x 20m (20SQM)<br />Colour: 4-Colour</p>
<p><strong>8mm Pile height</strong><br />Material: PP and PE<br />Tufted density (d/M2): 2000D<br />Stitch rate (/10cm): 20<br />Pile height: 8mm<br />Dimension: 2m x 5m (10SQM)<br />Colour: Green</p>
<p><strong>Joining tape</strong><br />Material: Non-woven fabric<br />Dimension: 15cm x 5m / 15cm x 10m / 15cmx 15m / 15cm x 20m (W x L)<br />Colour: Green</p><b>PACKAGE CONTENTS</b><ul>
<li>1x Artificial Grass / 1x Grass Joining Tape</li>
</ul>",,,taxable,Taxable Goods,1,88,5,,1,900,13,13,16,1,,20.5105,69,"Default Category/All Products,Default Category/Home & Garden,Default Category/Home & Garden/Yard,Default Category/Home & Garden/Artificial Grass,Default Category/Back In Stock,Default Category/Discount Centre,Default Category/Deals & Offers",,,"https://www.idropship.com.au/pub/media/catalog/product/S/G/SG1013-15x1500_base.jpg,https://www.idropship.com.au/pub/media/catalog/product/S/G/SG1013-15x1500_42.jpg,https://www.idropship.com.au/pub/media/catalog/product/S/G/SG1013-15x1500_43.jpg,https://www.idropship.com.au/pub/media/catalog/product/S/G/SG1013-15x1500_44.jpg,https://www.idropship.com.au/pub/media/catalog/product/S/G/SG1013-15x1500_45.jpg,https://www.idropship.com.au/pub/media/catalog/product/S/G/SG1013-15x1500_46.jpg,https://www.idropship.com.au/pub/media/catalog/product/S/G/SG1013-15x1500_47.jpg,https://www.idropship.com.au/pub/media/catalog/product/S/G/SG1013-15x1500_48.jpg",,,,,Unbranded,9.36E+12,Garden / Agriculture,Artificial Grass,0,0,0,0,0,0,0,0,0,,,,,,,,,,Dog/Dog Feeding & Cleanup/Dog Clean Up & Odours,,
,simple,SG1013-15x500,Artificial Grass Joining Tape Synthetic Grass Turf Lawn Self Adensive 15CM X 5M,Yes,Yes,visible,,"<b>DESCRIPTION</b><p>Our Grass Tape is designed for artificial grass to keep it firmly in place for years, even with robust use!</p>
<p>It is made of a non-woven fabric, our Grass Tape looks not thick, but it has exceptional adhesion qualities.&nbsp;</p>
<p>You can use the Tape to adjoin different synthetic turfs and extend the grass surface without any hassles.&nbsp;</p>
<p>Using it is so convenient! Just cut the Tape to your required size, lay it on the ground and press the turf smoothly and evenly on it.&nbsp;</p>
<p>Use it outdoors or indoors and it also works great on decking, rooftops and patios in addition to sand and soil bases.<br />Create the artificial grass landscape with our Grass Tape! Turnning your home into a greener paradise that you desire right now!</p>
<ul>
<li>Designed for bonding and gluing down synthetic grass</li>
<li>Self-adhesive tape</li>
<li>Non-woven fabric, more durable</li>
<li>Can be cut into any desired size</li>
<li>Good durability and excellent adhesion</li>
<li>Convenient roll size for ease of handling</li>
<li>Easy to use</li>
<li>Suitable for both indoor and outdoor surfaces</li>
</ul><b>SPECIFICATION</b><ul>
<li>Material: Non-woven Fabric</li>
<li>Color: as picture</li>
<li>Size(L x W): 5Mx15CM</li>
</ul><b>PACKAGE CONTENTS</b><ul>
<li>1x Artificial Grass Tape</li>
</ul>",,,taxable,Taxable Goods,1,100,5,,1,300,15,8,8,1,,11.1055,39,"Default Category/All Products,Default Category/Home & Garden,Default Category/Home & Garden/Yard,Default Category/Home & Garden/Artificial Grass,Default Category/Back In Stock,Default Category/Deals & Offers",,,"https://www.idropship.com.au/pub/media/catalog/product/S/G/SG1013-15x500_base.jpg,https://www.idropship.com.au/pub/media/catalog/product/S/G/SG1013-15x500_42.jpg,https://www.idropship.com.au/pub/media/catalog/product/S/G/SG1013-15x500_43.jpg,https://www.idropship.com.au/pub/media/catalog/product/S/G/SG1013-15x500_44.jpg,https://www.idropship.com.au/pub/media/catalog/product/S/G/SG1013-15x500_45.jpg,https://www.idropship.com.au/pub/media/catalog/product/S/G/SG1013-15x500_46.jpg,https://www.idropship.com.au/pub/media/catalog/product/S/G/SG1013-15x500_47.jpg,https://www.idropship.com.au/pub/media/catalog/product/S/G/SG1013-15x500_48.jpg",,,,,Unbranded,9.36E+12,Garden / Agriculture,Artificial Grass,0,0,0,0,0,0,0,0,0,,,,,,,,,,Dog/Dog Feeding & Cleanup/Dog Clean Up & Odours,,
,simple,SG1014-1x10m,10SQM Artificial Grass Lawn Flooring Outdoor Synthetic Turf Plastic Plant Lawn,Yes,Yes,visible,,"<b>DESCRIPTION</b><p>Want to decorate your environments? Our Artificial Grass would be your prime choice, suitable for both indoor and outdoor environment. It is an attractive and maintenance-free alternative to real grass. Made from a UV stabilised yarn, this turf is anti-colour fading and sun damage, also it is odourless and non-toxic. The polyethylene (PE) material features excellent properties, and the backing of the turf encourages quick drainage and holds fast to the ground, even without any taping. It looks incredibly natural and has the appearance of a perfectly manicured lawn. Let our Artificial Grass brings convenience and ambience to your everyday life. No more weeding, watering, mowing or trimming!&nbsp;</p>
<p>If you concern it&rsquo;s not firm enough, you can purchase our Joining Tape. There are 4 size options, made of non-woven fabric is strong enough to keep firmly for years. Exceptional adhesion qualities, bond artificial grasses securely. Simply cut it to your desired size, lay it on the ground and press the turf smoothly and evenly.</p>
<p><strong>Key Features:</strong></p>
<ul>
<li>Realistic turf</li>
<li>Maintenance free</li>
<li>Premium polyethylene</li>
<li>Wear and fade resistance</li>
<li>Odorless and non-toxic</li>
<li>Pet and kids friendly</li>
<li>Genuine and softer touch</li>
<li>Easy to cut and install</li>
</ul><b>SPECIFICATION</b><p>Material: PE</p>
<p>Pile height: 17mm</p>
<p>Tufted density (d/M2): 60000D</p>
<p>Stitch rate (/10cm): 30</p>
<p>Dimension:&nbsp; 1m x 10m (10SQM)</p>
<p>Colour: Green</p>><b>PACKAGE CONTENTS</b><ul>
<li>1x Artificial Grass</li>
</ul>",10/29/2020,,taxable,Taxable Goods,1,52,5,,1,6300,105,15,15,1,,90.6205,159,"Default Category/All Products,Default Category/Home & Garden/Artificial Grass,Default Category/Deals & Offers",,,"https://www.idropship.com.au/pub/media/catalog/product/S/G/SG1014-1x10m_base.jpg,https://www.idropship.com.au/pub/media/catalog/product/S/G/SG1014-1x10m_42.jpg,https://www.idropship.com.au/pub/media/catalog/product/S/G/SG1014-1x10m_43.jpg,https://www.idropship.com.au/pub/media/catalog/product/S/G/SG1014-1x10m_44.jpg,https://www.idropship.com.au/pub/media/catalog/product/S/G/SG1014-1x10m_45.jpg,https://www.idropship.com.au/pub/media/catalog/product/S/G/SG1014-1x10m_46.jpg,https://www.idropship.com.au/pub/media/catalog/product/S/G/SG1014-1x10m_47.jpg",,,,,Unbranded,9.36E+12,Garden / Agriculture,Artificial Grass,0,0,0,0,0,0,0,0,0,,,,,,,,,,Dog/Dog Feeding & Cleanup/Dog Clean Up & Odours,SG1014-MAIN,Artificial Grass Lawn Flooring Outdoor Synthetic Turf Plastic Plant Lawn
,simple,SG1014-1x20m,20SQM Artificial Grass Lawn Flooring Outdoor Synthetic Turf Plastic Plant Lawn,Yes,Yes,visible,,"<b>DESCRIPTION</b><p>Want to decorate your environments? Our Artificial Grass would be your prime choice, suitable for both indoor and outdoor environment. It is an attractive and maintenance-free alternative to real grass. Made from a UV stabilised yarn, this turf is anti-colour fading and sun damage, also it is odourless and non-toxic. The polyethylene (PE) material features excellent properties, and the backing of the turf encourages quick drainage and holds fast to the ground, even without any taping. It looks incredibly natural and has the appearance of a perfectly manicured lawn. Let our Artificial Grass brings convenience and ambience to your everyday life. No more weeding, watering, mowing or trimming!&nbsp;</p>
<p>If you concern it&rsquo;s not firm enough, you can purchase our Joining Tape. There are 4 size options, made of non-woven fabric is strong enough to keep firmly for years. Exceptional adhesion qualities, bond artificial grasses securely. Simply cut it to your desired size, lay it on the ground and press the turf smoothly and evenly.</p>
<p><strong>Key Features:</strong></p>
<ul>
<li>Realistic turf</li>
<li>Maintenance free</li>
<li>Premium polyethylene</li>
<li>Wear and fade resistance</li>
<li>Odorless and non-toxic</li>
<li>Pet and kids friendly</li>
<li>Genuine and softer touch</li>
<li>Easy to cut and install</li>
</ul><b>SPECIFICATION</b><p>Material: PE</p>
<p>Pile height: 17mm</p>
<p>Tufted density (d/M2): 60000D</p>
<p>Stitch rate (/10cm): 30</p>
<p>Dimension:&nbsp; 1m x 20m (20SQM)</p>
<p>Colour: Green</p><b>PACKAGE CONTENTS</b><ul>
<li>1x Artificial Grass</li>
</ul>",07/30/2020,,taxable,Taxable Goods,0,0,5,,1,11000,101,30,24,1,,143.99,299,"Default Category/All Products,Default Category/Home & Garden/Artificial Grass",,,"https://www.idropship.com.au/pub/media/catalog/product/S/G/SG1014-1x20m_base.jpg,https://www.idropship.com.au/pub/media/catalog/product/S/G/SG1014-1x20m_42.jpg,https://www.idropship.com.au/pub/media/catalog/product/S/G/SG1014-1x20m_43.jpg,https://www.idropship.com.au/pub/media/catalog/product/S/G/SG1014-1x20m_44.jpg,https://www.idropship.com.au/pub/media/catalog/product/S/G/SG1014-1x20m_45.jpg,https://www.idropship.com.au/pub/media/catalog/product/S/G/SG1014-1x20m_46.jpg,https://www.idropship.com.au/pub/media/catalog/product/S/G/SG1014-1x20m_47.jpg",,,,,Unbranded,9.36E+12,Garden / Agriculture,Artificial Grass,0,0,0,0,0,0,0,0,0,,,,,,,,,,Dog/Dog Feeding & Cleanup/Dog Clean Up & Odours,SG1014-MAIN,Artificial Grass Lawn Flooring Outdoor Synthetic Turf Plastic Plant Lawn
,simple,SG1014-2x10m,20SQM Artificial Grass Lawn Flooring Outdoor Synthetic Turf Plastic Plant Lawn,Yes,Yes,visible,,"<b>DESCRIPTION</b>Want to decorate your garden? Our Artificial Grass would be your prime choice, suitable for both indoor and outdoor environment. It is an attractive and maintenance-free alternative to real grass. Made from a UV stabilised yarn, this turf is anti-colour fading and sun damage yet odourless and non-toxic. The polyethylene (PE) material features excellent properties, and the turf backing encourages quick drainage and holds fast to the ground, even without any taping. It looks incredibly natural and has perfectly manicured lawn appearance. Let our Artificial Grass brings convenience and ambience to your everyday life. No more weeding, watering, mowing or trimming! 
If you concern an extra secure hold to its ground, you can purchase our Joining Tape. There are 4 size options, made of non-woven fabric for robot use to keep firmly for years. Exceptional adhesion qualities, bond artificial grasses securely. Simply cut it to your desired size, lay it on the ground and press the turf smoothly and evenly.
<p><strong>Key Features:</strong></p>
<ul>
<li>Realistic turf</li>
<li>Maintenance free</li>
<li>Premium polyethylene</li>
<li>Wear and fade resistance</li>
<li>Odorless and non-toxic</li>
<li>Pet and kids friendly</li>
<li>Genuine and softer touch</li>
<li>Easy to cut and install</li>
</ul><b>SPECIFICATION</b><p>Material: PE</p>
<p>Backing: Styrene-butadiene rubber</p>
<p>Pile height: 17mm</p>
<p>Tufted density (d/M2): 60000D</p>
<p>Stitch rate (/10cm): 30</p>
<p>Dimension:&nbsp; 2m x 10m (20SQM)</p>
<p>Colour: Green</p><b>PACKAGE CONTENTS</b><ul>
<li>1x Artificial Grass</li>
</ul>",,,taxable,Taxable Goods,1,100,5,,1,13400,203,18,18,1,,153.8905,251.99,"Default Category/All Products,Default Category/Home & Garden/Artificial Grass,Default Category/Deals & Offers",,,"https://www.idropship.com.au/pub/media/catalog/product/S/G/SG1014-2x10m_base.jpg,https://www.idropship.com.au/pub/media/catalog/product/S/G/SG1014-2x10m_42.jpg,https://www.idropship.com.au/pub/media/catalog/product/S/G/SG1014-2x10m_43.jpg,https://www.idropship.com.au/pub/media/catalog/product/S/G/SG1014-2x10m_44.jpg,https://www.idropship.com.au/pub/media/catalog/product/S/G/SG1014-2x10m_45.jpg,https://www.idropship.com.au/pub/media/catalog/product/S/G/SG1014-2x10m_46.jpg,https://www.idropship.com.au/pub/media/catalog/product/S/G/SG1014-2x10m_47.jpg,https://www.idropship.com.au/pub/media/catalog/product/S/G/SG1014-2x10m_48.jpg",,,,,Unbranded,9.36E+12,Garden / Agriculture,Artificial Grass,0,0,0,0,0,0,0,0,0,,,,,,,,,,Dog/Dog Feeding & Cleanup/Dog Clean Up & Odours,SG1014-MAIN,Artificial Grass Lawn Flooring Outdoor Synthetic Turf Plastic Plant Lawn
,simple,SG1014-2x5m,10SQM Artificial Grass Lawn Flooring Outdoor Synthetic Turf Plastic Plant Lawn,Yes,Yes,visible,,"<b>DESCRIPTION</b>Want to decorate your garden? Our Artificial Grass would be your prime choice, suitable for both indoor and outdoor environment. It is an attractive and maintenance-free alternative to real grass. Made from a UV stabilised yarn, this turf is anti-colour fading and sun damage yet odourless and non-toxic. The polyethylene (PE) material features excellent properties, and the turf backing encourages quick drainage and holds fast to the ground, even without any taping. It looks incredibly natural and has perfectly manicured lawn appearance. Let our Artificial Grass brings convenience and ambience to your everyday life. No more weeding, watering, mowing or trimming! 
If you concern an extra secure hold to its ground, you can purchase our Joining Tape. There are 4 size options, made of non-woven fabric for robot use to keep firmly for years. Exceptional adhesion qualities, bond artificial grasses securely. Simply cut it to your desired size, lay it on the ground and press the turf smoothly and evenly.
<p><strong>Key Features:</strong></p>
<ul>
<li>Realistic turf</li>
<li>Maintenance free</li>
<li>Premium polyethylene</li>
<li>Wear and fade resistance</li>
<li>Odorless and non-toxic</li>
<li>Pet and kids friendly</li>
<li>Genuine and softer touch</li>
<li>Easy to cut and install</li>
</ul><b>SPECIFICATION</b><p>Material: PE</p>
<p>Backing: Styrene-butadiene rubber</p>
<p>Pile height: 17mm</p>
<p>Tufted density (d/M2): 60000D</p>
<p>Stitch rate (/10cm): 30</p>
<p>Dimension:&nbsp; 2m x 5m (10SQM)</p>
<p>Colour: Green</p><b>PACKAGE CONTENTS</b><ul>
<li>1x Artificial Grass</li>
</ul>",12/11/2020,,taxable,Taxable Goods,1,100,5,,1,6500,204,14,14,1,,94.0405,159.99,"Default Category/All Products,Default Category/Home & Garden/Artificial Grass,Default Category/Deals & Offers",,,"https://www.idropship.com.au/pub/media/catalog/product/S/G/SG1014-2x5m_base.jpg,https://www.idropship.com.au/pub/media/catalog/product/S/G/SG1014-2x5m_42.jpg,https://www.idropship.com.au/pub/media/catalog/product/S/G/SG1014-2x5m_43.jpg,https://www.idropship.com.au/pub/media/catalog/product/S/G/SG1014-2x5m_44.jpg,https://www.idropship.com.au/pub/media/catalog/product/S/G/SG1014-2x5m_45.jpg,https://www.idropship.com.au/pub/media/catalog/product/S/G/SG1014-2x5m_46.jpg,https://www.idropship.com.au/pub/media/catalog/product/S/G/SG1014-2x5m_47.jpg,https://www.idropship.com.au/pub/media/catalog/product/S/G/SG1014-2x5m_48.jpg",,,,,Unbranded,9.36E+12,Garden / Agriculture,Artificial Grass,0,0,0,0,0,0,0,0,0,,,,,,,,,,Dog/Dog Feeding & Cleanup/Dog Clean Up & Odours,SG1014-MAIN,Artificial Grass Lawn Flooring Outdoor Synthetic Turf Plastic Plant Lawn
,simple,SG1014-SAMPLE,Artificial Grass Fake Flooring Mat Synthetic Turf Outdoor Garden Plastic Plant,Yes,Yes,visible,,"<strong>DESCRIPTION</strong><p>Want to decorate your environments? Our Artificial Grass would be your prime choice, suitable for both indoor and outdoor environment. It is an attractive and maintenance-free alternative to real grass. Made from a UV stabilised yarn, this turf is anti-colour fading and sun damage, also it is odourless and non-toxic. The polyethylene (PE) material features excellent properties, and the backing of the turf encourages quick drainage and holds fast to the ground, even without any taping. It looks incredibly natural and has the appearance of a perfectly manicured lawn. Let our Artificial Grass brings convenience and ambience to your everyday life. No more weeding, watering, mowing or trimming!&nbsp;</p>
<p>If you concern it&rsquo;s not firm enough, you can purchase our Joining Tape. There are 4 size options, made of non-woven fabric is strong enough to keep firmly for years. Exceptional adhesion qualities, bond artificial grasses securely. Simply cut it to your desired size, lay it on the ground and press the turf smoothly and evenly.</p>
<p><strong>Key Features:</strong></p>
<ul>
<li>Realistic turf</li>
<li>Maintenance free</li>
<li>Premium polyethylene</li>
<li>Wear and fade resistance</li>
<li>Odorless and non-toxic</li>
<li>Pet and kids friendly</li>
<li>Genuine and softer touch</li>
<li>Easy to cut and install</li>
<li>Sample size available &ndash; &lsquo;Green&rsquo; available only</li>
</ul><strong>SPECIFICATION</strong><p>Material: PP and PE<br />Pile height: 17mm<br />Tufted density (d/M2): 15700D<br />Stitch rate (/10cm): 15<br />Dimension: 32cm x 32cm <br />Colour: Green</p><strong>PACKAGE CONTENTS</strong><ul>
<li>1x Artificial Grass Sample</li>
</ul>",11/25/2020,,taxable,Taxable Goods,0,0,5,,1,100,31,30,1,1,,11.69,25.99,"Default Category/Home & Garden,Default Category/Home & Garden/Yard,Default Category/Home & Garden/Artificial Grass,Default Category/All Products",,,"https://www.idropship.com.au/pub/media/catalog/product/S/G/SG1014-SAMPLE_base.jpg,https://www.idropship.com.au/pub/media/catalog/product/S/G/SG1014-SAMPLE_42.jpg,https://www.idropship.com.au/pub/media/catalog/product/S/G/SG1014-SAMPLE_43.jpg,https://www.idropship.com.au/pub/media/catalog/product/S/G/SG1014-SAMPLE_44.jpg,https://www.idropship.com.au/pub/media/catalog/product/S/G/SG1014-SAMPLE_45.jpg,https://www.idropship.com.au/pub/media/catalog/product/S/G/SG1014-SAMPLE_46.jpg,https://www.idropship.com.au/pub/media/catalog/product/S/G/SG1014-SAMPLE_47.jpg",,,,,Unbranded,9.36E+12,Garden / Agriculture,Artificial Grass,0,0,0,0,0,0,0,0,0,,,,,,,,,,Dog/Dog Feeding & Cleanup/Dog Clean Up & Odours,,
,simple,SG1015-1X10m-NT,Marlow Artificial Grass 10SQM Fake Lawn Flooring Outdoor Synthetic Turf Plant,Yes,Yes,visible,,"<strong>DESCRIPTION</strong><p style=""text-align: justify;"">Want to decorate your garden? Our Artificial Grass would be your prime choice  suitable for both indoor and outdoor environment. It is an attractive and maintenance-free alternative to real grass. Made from a UV stabilised yarn  this turf is anti-colour fading and sun damage yet odourless and non-toxic. The polyethylene (PE) material features excellent properties  and the turf backing encourages quick drainage and holds fast to the ground  even without any taping. It looks incredibly natural and has perfectly manicured lawn appearance. Let our Artificial Grass brings convenience and ambience to your everyday life. No more weeding  watering  mowing or trimming! If you concern an extra secure hold to its ground  you can purchase our Joining Tape. There are 4 size options  made of non-woven fabric for robot use to keep firmly for years. Exceptional adhesion qualities  bond artificial grasses securely. Simply cut it to your desired size  lay it on the ground and press the turf smoothly and evenly.</p>  <p><strong>Key Features:</strong></p>  <ul>  <li>Realistic turf</li>  <li>Maintenance free</li>  <li>Premium polyethylene</li>  <li>Wear and fade resistance</li>  <li>Odorless and non-toxic</li>  <li>Pet and kids friendly</li>  <li>Genuine and softer touch</li>  <li>Easy to cut and install</li>  <li>Note: Be sure to keep the grass in the same direction when stitching the lawn</li>  <li>Note: Don't lay the lawn over the hard stone</li>  </ul><strong>SPECIFICATION</strong><p>Brand: Marlow</p>  <p>Material: PP and PE</p>  <p>Backing: Styrene-butadiene rubber</p>  <p>Pile height: 35mm</p>  <p>Tufted density (d/M2):15700D</p>  <p>Stitch rate (/10cm):15</p>  <p>Dimension: 1m x 10m (10SQM)</p>  <p>Colour: Three-colour</p><strong>PACKAGE CONTENTS</strong><ul>  <li>1x Marlow Artificial Grass</li>  </ul>",,,taxable,Taxable Goods,1,51,5,,1,14900,101,30,30,1,,128.2405,349.98,"Default Category/All Products,Default Category/Home & Garden,Default Category/Home & Garden/Yard,Default Category/Home & Garden/Gardening Supplies,Default Category/Home & Garden/Artificial Grass,Default Category/Deals & Offers",,,"https://www.idropship.com.au/pub/media/catalog/product/S/G/SG1015-1X10m-NT_base.jpg,https://www.idropship.com.au/pub/media/catalog/product/S/G/SG1015-1X10m-NT_42.jpg,https://www.idropship.com.au/pub/media/catalog/product/S/G/SG1015-1X10m-NT_43.jpg,https://www.idropship.com.au/pub/media/catalog/product/S/G/SG1015-1X10m-NT_44.jpg,https://www.idropship.com.au/pub/media/catalog/product/S/G/SG1015-1X10m-NT_45.jpg,https://www.idropship.com.au/pub/media/catalog/product/S/G/SG1015-1X10m-NT_46.jpg,https://www.idropship.com.au/pub/media/catalog/product/S/G/SG1015-1X10m-NT_47.jpg,https://www.idropship.com.au/pub/media/catalog/product/S/G/SG1015-1X10m-NT_48.jpg",,,,,Marlow,9.36E+12,Garden / Agriculture,Artificial Grass,0,0,0,0,0,0,0,0,0,,,,,,,,,,Dog/Dog Feeding & Cleanup/Dog Clean Up & Odours,SG1015-MARLOW,Marlow Artificial Grass  Fake Lawn Flooring Outdoor Synthetic Turf Plant
,simple,SG1015-1X10m-RL,Marlow Artificial Grass 10SQM Fake Lawn Flooring Outdoor Synthetic Turf Plant,Yes,Yes,visible,,"<strong>DESCRIPTION</strong><p style=""text-align: justify;"">Want to decorate your garden? Our Artificial Grass would be your prime choice  suitable for both indoor and outdoor environment. It is an attractive and maintenance-free alternative to real grass. Made from a UV stabilised yarn  this turf is anti-colour fading and sun damage yet odourless and non-toxic. The polyethylene (PE) material features excellent properties  and the turf backing encourages quick drainage and holds fast to the ground  even without any taping. It looks incredibly natural and has perfectly manicured lawn appearance. Let our Artificial Grass brings convenience and ambience to your everyday life. No more weeding  watering  mowing or trimming! If you concern an extra secure hold to its ground  you can purchase our Joining Tape. There are 4 size options  made of non-woven fabric for robot use to keep firmly for years. Exceptional adhesion qualities  bond artificial grasses securely. Simply cut it to your desired size  lay it on the ground and press the turf smoothly and evenly.</p>  <p><strong>Key Features:</strong></p>  <ul>  <li>Realistic turf</li>  <li>Maintenance free</li>  <li>Premium polyethylene</li>  <li>Wear and fade resistance</li>  <li>Odorless and non-toxic</li>  <li>Pet and kids friendly</li>  <li>Genuine and softer touch</li>  <li>Easy to cut and install</li>  <li>Note: Be sure to keep the grass in the same direction when stitching the lawn</li>  <li>Note: Don't lay the lawn over the hard stone</li>  </ul><strong>SPECIFICATION</strong><p>Brand: Marlow</p>  <p>Material: PP and PE</p>  <p>Backing: Styrene-butadiene rubber</p>  <p>Pile height: 35mm</p>  <p>Tufted density (d/M2):15700D</p>  <p>Stitch rate (/10cm):15</p>  <p>Dimension: 1m x 10m (10SQM)</p>  <p>Colour: Four-colour</p><strong>PACKAGE CONTENTS</strong><ul>  <li>1x Marlow Artificial Grass</li>  </ul>",,,taxable,Taxable Goods,1,25,5,,1,14900,101,30,30,1,,128.2405,349.98,"Default Category/All Products,Default Category/Home & Garden,Default Category/Home & Garden/Yard,Default Category/Home & Garden/Gardening Supplies,Default Category/Home & Garden/Artificial Grass,Default Category/Deals & Offers",,,"https://www.idropship.com.au/pub/media/catalog/product/S/G/SG1015-1X10m-RL_base.jpg,https://www.idropship.com.au/pub/media/catalog/product/S/G/SG1015-1X10m-RL_42.jpg,https://www.idropship.com.au/pub/media/catalog/product/S/G/SG1015-1X10m-RL_43.jpg,https://www.idropship.com.au/pub/media/catalog/product/S/G/SG1015-1X10m-RL_44.jpg,https://www.idropship.com.au/pub/media/catalog/product/S/G/SG1015-1X10m-RL_45.jpg,https://www.idropship.com.au/pub/media/catalog/product/S/G/SG1015-1X10m-RL_46.jpg,https://www.idropship.com.au/pub/media/catalog/product/S/G/SG1015-1X10m-RL_47.jpg,https://www.idropship.com.au/pub/media/catalog/product/S/G/SG1015-1X10m-RL_48.jpg",,,,,Marlow,9.36E+12,Garden / Agriculture,Artificial Grass,0,0,0,0,0,0,0,0,0,,,,,,,,,,Dog/Dog Feeding & Cleanup/Dog Clean Up & Odours,SG1015-MARLOW,Marlow Artificial Grass  Fake Lawn Flooring Outdoor Synthetic Turf Plant
,simple,SG1015-1X20m-NT,Marlow Artificial Grass 20SQM Fake Lawn Flooring Outdoor Synthetic Turf Plant,Yes,Yes,visible,,"<strong>DESCRIPTION</strong><p style=""text-align: justify;"">Want to decorate your garden? Our Artificial Grass would be your prime choice  suitable for both indoor and outdoor environment. It is an attractive and maintenance-free alternative to real grass. Made from a UV stabilised yarn  this turf is anti-colour fading and sun damage yet odourless and non-toxic. The polyethylene (PE) material features excellent properties  and the turf backing encourages quick drainage and holds fast to the ground  even without any taping. It looks incredibly natural and has perfectly manicured lawn appearance. Let our Artificial Grass brings convenience and ambience to your everyday life. No more weeding  watering  mowing or trimming! If you concern an extra secure hold to its ground  you can purchase our Joining Tape. There are 4 size options  made of non-woven fabric for robot use to keep firmly for years. Exceptional adhesion qualities  bond artificial grasses securely. Simply cut it to your desired size  lay it on the ground and press the turf smoothly and evenly.</p>  <p><strong>Key Features:</strong></p>  <ul>  <li>Realistic turf</li>  <li>Maintenance free</li>  <li>Premium polyethylene</li>  <li>Wear and fade resistance</li>  <li>Odorless and non-toxic</li>  <li>Pet and kids friendly</li>  <li>Genuine and softer touch</li>  <li>Easy to cut and install</li>  <li>Note: Be sure to keep the grass in the same direction when stitching the lawn</li>  <li>Note: Don't lay the lawn over the hard stone</li>  </ul><strong>SPECIFICATION</strong><p>Brand: Marlow</p>  <p>Material: PP and PE</p>  <p>Backing: Styrene-butadiene rubber</p>  <p>Pile height: 35mm</p>  <p>Tufted density (d/M2):15700D</p>  <p>Stitch rate (/10cm):15</p>  <p>Dimension: 1m x 20m (20SQM)</p>  <p>Colour: Three-colour</p><strong>PACKAGE CONTENTS</strong><ul>  <li>1x Marlow Artificial Grass</li>  </ul>",,,taxable,Taxable Goods,1,76,5,,1,29000,106,40,40,1,,206.5415,664.98,"Default Category/All Products,Default Category/Home & Garden,Default Category/Home & Garden/Yard,Default Category/Home & Garden/Gardening Supplies,Default Category/Home & Garden/Artificial Grass,Default Category/Deals & Offers",,,"https://www.idropship.com.au/pub/media/catalog/product/S/G/SG1015-1X20m-NT_base.jpg,https://www.idropship.com.au/pub/media/catalog/product/S/G/SG1015-1X20m-NT_42.jpg,https://www.idropship.com.au/pub/media/catalog/product/S/G/SG1015-1X20m-NT_43.jpg,https://www.idropship.com.au/pub/media/catalog/product/S/G/SG1015-1X20m-NT_44.jpg,https://www.idropship.com.au/pub/media/catalog/product/S/G/SG1015-1X20m-NT_45.jpg,https://www.idropship.com.au/pub/media/catalog/product/S/G/SG1015-1X20m-NT_46.jpg,https://www.idropship.com.au/pub/media/catalog/product/S/G/SG1015-1X20m-NT_47.jpg,https://www.idropship.com.au/pub/media/catalog/product/S/G/SG1015-1X20m-NT_48.jpg",,,,,Marlow,9.36E+12,Garden / Agriculture,Artificial Grass,0,0,0,0,0,0,0,0,0,,,,,,,,,,Dog/Dog Feeding & Cleanup/Dog Clean Up & Odours,SG1015-MARLOW,Marlow Artificial Grass  Fake Lawn Flooring Outdoor Synthetic Turf Plant
,simple,SG1015-1X20m-RL,Marlow Artificial Grass 20SQM Fake Lawn Flooring Outdoor Synthetic Turf Plant,Yes,Yes,visible,,"<strong>DESCRIPTION</strong><p style=""text-align: justify;"">Want to decorate your garden? Our Artificial Grass would be your prime choice  suitable for both indoor and outdoor environment. It is an attractive and maintenance-free alternative to real grass. Made from a UV stabilised yarn  this turf is anti-colour fading and sun damage yet odourless and non-toxic. The polyethylene (PE) material features excellent properties  and the turf backing encourages quick drainage and holds fast to the ground  even without any taping. It looks incredibly natural and has perfectly manicured lawn appearance. Let our Artificial Grass brings convenience and ambience to your everyday life. No more weeding  watering  mowing or trimming! If you concern an extra secure hold to its ground  you can purchase our Joining Tape. There are 4 size options  made of non-woven fabric for robot use to keep firmly for years. Exceptional adhesion qualities  bond artificial grasses securely. Simply cut it to your desired size  lay it on the ground and press the turf smoothly and evenly.</p>  <p><strong>Key Features:</strong></p>  <ul>  <li>Realistic turf</li>  <li>Maintenance free</li>  <li>Premium polyethylene</li>  <li>Wear and fade resistance</li>  <li>Odorless and non-toxic</li>  <li>Pet and kids friendly</li>  <li>Genuine and softer touch</li>  <li>Easy to cut and install</li>  <li>Note: Be sure to keep the grass in the same direction when stitching the lawn</li>  <li>Note: Don't lay the lawn over the hard stone</li>  </ul><strong>SPECIFICATION</strong><p>Brand: Marlow</p>  <p>Material: PP and PE</p>  <p>Backing: Styrene-butadiene rubber</p>  <p>Pile height: 35mm</p>  <p>Tufted density (d/M2):15700D</p>  <p>Stitch rate (/10cm):15</p>  <p>Dimension: 1m x 20m (20SQM)</p>  <p>Colour: Four-colour</p><strong>PACKAGE CONTENTS</strong><ul>  <li>1x Marlow Artificial Grass</li>  </ul>",,,taxable,Taxable Goods,1,60,5,,1,29000,106,40,40,1,,218.691,664.98,"Default Category/All Products,Default Category/Home & Garden,Default Category/Home & Garden/Yard,Default Category/Home & Garden/Gardening Supplies,Default Category/Home & Garden/Artificial Grass,Default Category/Deals & Offers",,,"https://www.idropship.com.au/pub/media/catalog/product/S/G/SG1015-1X20m-RL_base.jpg,https://www.idropship.com.au/pub/media/catalog/product/S/G/SG1015-1X20m-RL_42.jpg,https://www.idropship.com.au/pub/media/catalog/product/S/G/SG1015-1X20m-RL_43.jpg,https://www.idropship.com.au/pub/media/catalog/product/S/G/SG1015-1X20m-RL_44.jpg,https://www.idropship.com.au/pub/media/catalog/product/S/G/SG1015-1X20m-RL_45.jpg,https://www.idropship.com.au/pub/media/catalog/product/S/G/SG1015-1X20m-RL_46.jpg,https://www.idropship.com.au/pub/media/catalog/product/S/G/SG1015-1X20m-RL_47.jpg,https://www.idropship.com.au/pub/media/catalog/product/S/G/SG1015-1X20m-RL_48.jpg",,,,,Marlow,9.36E+12,Garden / Agriculture,Artificial Grass,0,0,0,0,0,0,0,0,0,,,,,,,,,,Dog/Dog Feeding & Cleanup/Dog Clean Up & Odours,SG1015-MARLOW,Marlow Artificial Grass  Fake Lawn Flooring Outdoor Synthetic Turf Plant
,simple,SG1015-2x10m-NT,Fake Grass 20SQM Artificial Lawn Flooring Outdoor Synthetic Mat Grass Plant Lawn,Yes,Yes,visible,,"<b>DESCRIPTION</b>Want to decorate your garden? Our Artificial Grass would be your prime choice, suitable for both indoor and outdoor environment. It is an attractive and maintenance-free alternative to real grass. Made from a UV stabilised yarn, this turf is anti-colour fading and sun damage yet odourless and non-toxic. The polyethylene (PE) material features excellent properties, and the turf backing encourages quick drainage and holds fast to the ground, even without any taping. It looks incredibly natural and has perfectly manicured lawn appearance. Let our Artificial Grass brings convenience and ambience to your everyday life. No more weeding, watering, mowing or trimming! 
If you concern an extra secure hold to its ground, you can purchase our Joining Tape. There are 4 size options, made of non-woven fabric for robot use to keep firmly for years. Exceptional adhesion qualities, bond artificial grasses securely. Simply cut it to your desired size, lay it on the ground and press the turf smoothly and evenly.
<p><strong>Key Features:</strong></p>
<ul>
<li>Realistic turf</li>
<li>Maintenance free</li>
<li>Premium polyethylene</li>
<li>Wear and fade resistance</li>
<li>Odorless and non-toxic</li>
<li>Pet and kids friendly</li>
<li>Genuine and softer touch</li>
<li>Easy to cut and install</li>
</ul><b>SPECIFICATION</b><p>Material: PP and PE</p>
<p>Backing: Styrene-butadiene rubber</p>
<p>Pile height: 35mm</p>
<p>Tufted density (d/M2):15700D</p>
<p>Stitch rate (/10cm):15</p>
<p>Dimension:&nbsp; 2m x 10m (20SQM)</p>
<p>Colour: Three-colour</p><b>PACKAGE CONTENTS</b><ul>
<li>1x Artificial Grass</li>
</ul>",,,taxable,Taxable Goods,0,0,5,,1,33000,210,34,34,1,,230.8405,539.99,"Default Category/All Products,Default Category/Home & Garden,Default Category/Home & Garden/Yard,Default Category/Home & Garden/Gardening Supplies,Default Category/Home & Garden/Artificial Grass,Default Category/Deals & Offers",,,"https://www.idropship.com.au/pub/media/catalog/product/S/G/SG1015-2x10m-NT_base.jpg,https://www.idropship.com.au/pub/media/catalog/product/S/G/SG1015-2x10m-NT_42.jpg,https://www.idropship.com.au/pub/media/catalog/product/S/G/SG1015-2x10m-NT_43.jpg,https://www.idropship.com.au/pub/media/catalog/product/S/G/SG1015-2x10m-NT_44.jpg,https://www.idropship.com.au/pub/media/catalog/product/S/G/SG1015-2x10m-NT_45.jpg,https://www.idropship.com.au/pub/media/catalog/product/S/G/SG1015-2x10m-NT_46.jpg,https://www.idropship.com.au/pub/media/catalog/product/S/G/SG1015-2x10m-NT_47.jpg,https://www.idropship.com.au/pub/media/catalog/product/S/G/SG1015-2x10m-NT_48.jpg",,,,,,9.36E+12,Garden / Agriculture,Artificial Grass,0,0,0,0,0,0,0,0,0,,,,,,,,,,Dog/Dog Feeding & Cleanup/Dog Clean Up & Odours,,
,simple,SG1015-2x10m-RL,Artificial Grass 20SQM Lawn Flooring Outdoor Synthetic 4-Colour Grass Plant Lawn,Yes,Yes,visible,,"<b>DESCRIPTION</b>Want to decorate your garden? Our Artificial Grass would be your prime choice, suitable for both indoor and outdoor environment. It is an attractive and maintenance-free alternative to real grass. Made from a UV stabilised yarn, this turf is anti-colour fading and sun damage yet odourless and non-toxic. The polyethylene (PE) material features excellent properties, and the turf backing encourages quick drainage and holds fast to the ground, even without any taping. It looks incredibly natural and has perfectly manicured lawn appearance. Let our Artificial Grass brings convenience and ambience to your everyday life. No more weeding, watering, mowing or trimming! 
If you concern an extra secure hold to its ground, you can purchase our Joining Tape. There are 4 size options, made of non-woven fabric for robot use to keep firmly for years. Exceptional adhesion qualities, bond artificial grasses securely. Simply cut it to your desired size, lay it on the ground and press the turf smoothly and evenly.
<p><strong>Key Features:</strong></p>
<ul>
<li>Realistic turf</li>
<li>Maintenance free</li>
<li>Premium polyethylene</li>
<li>Wear and fade resistance</li>
<li>Odorless and non-toxic</li>
<li>Pet and kids friendly</li>
<li>Genuine and softer touch</li>
<li>Easy to cut and install</li>
</ul><b>SPECIFICATION</b><p>Material: PP and PE<br />Backing: Styrene-butadiene rubber<br />Pile height: 35mm<br />Tufted density (d/M2):15700D<br />Stitch rate (/10cm):15<br />Dimension: 2m x 10m (20SQM)<br />Colour: 4-colour</p><b>PACKAGE CONTENTS</b><ul>
<li>1x Artificial Grass</li>
</ul>",,,taxable,Taxable Goods,0,0,5,,1,33000,208,30,30,1,,242.99,539.99,"Default Category/All Products,Default Category/Home & Garden,Default Category/Home & Garden/Yard,Default Category/Home & Garden/Gardening Supplies,Default Category/Home & Garden/Artificial Grass",,,"https://www.idropship.com.au/pub/media/catalog/product/S/G/SG1015-2x10m-RL_base.jpg,https://www.idropship.com.au/pub/media/catalog/product/S/G/SG1015-2x10m-RL_42.jpg,https://www.idropship.com.au/pub/media/catalog/product/S/G/SG1015-2x10m-RL_43.jpg,https://www.idropship.com.au/pub/media/catalog/product/S/G/SG1015-2x10m-RL_44.jpg,https://www.idropship.com.au/pub/media/catalog/product/S/G/SG1015-2x10m-RL_45.jpg,https://www.idropship.com.au/pub/media/catalog/product/S/G/SG1015-2x10m-RL_46.jpg,https://www.idropship.com.au/pub/media/catalog/product/S/G/SG1015-2x10m-RL_47.jpg,https://www.idropship.com.au/pub/media/catalog/product/S/G/SG1015-2x10m-RL_48.jpg",,,,,,9.36E+12,Garden / Agriculture,Artificial Grass,0,0,0,0,0,0,0,0,0,,,,,,,,,,Dog/Dog Feeding & Cleanup/Dog Clean Up & Odours,,
,simple,SG1015-2x5m-NT,Fake Grass 10SQM Artificial Lawn Flooring Outdoor Synthetic Turf Plant Lawn 35MM,Yes,Yes,visible,,"<b>DESCRIPTION</b>Want to decorate your garden? Our Artificial Grass would be your prime choice, suitable for both indoor and outdoor environment. It is an attractive and maintenance-free alternative to real grass. Made from a UV stabilised yarn, this turf is anti-colour fading and sun damage yet odourless and non-toxic. The polyethylene (PE) material features excellent properties, and the turf backing encourages quick drainage and holds fast to the ground, even without any taping. It looks incredibly natural and has perfectly manicured lawn appearance. Let our Artificial Grass brings convenience and ambience to your everyday life. No more weeding, watering, mowing or trimming! 
If you concern an extra secure hold to its ground, you can purchase our Joining Tape. There are 4 size options, made of non-woven fabric for robot use to keep firmly for years. Exceptional adhesion qualities, bond artificial grasses securely. Simply cut it to your desired size, lay it on the ground and press the turf smoothly and evenly.
<p><strong>Key Features:</strong></p>
<ul>
<li>Realistic turf</li>
<li>Maintenance free</li>
<li>Premium polyethylene</li>
<li>Wear and fade resistance</li>
<li>Odorless and non-toxic</li>
<li>Pet and kids friendly</li>
<li>Genuine and softer touch</li>
<li>Easy to cut and install</li>
</ul><b>SPECIFICATION</b><p>Material: PP and PE</p>
<p>Backing: Styrene-butadiene rubber</p>
<p>Pile height: 35mm</p>
<p>Tufted density (d/M2):15700D</p>
<p>Stitch rate (/10cm):15</p>
<p>Dimension:&nbsp; 2m x 5m (10SQM)</p>
<p>Colour: Three-colour</p><b>PACKAGE CONTENTS</b><ul>
<li>1x Artificial Grass</li>
</ul>",,,taxable,Taxable Goods,1,100,5,,1,16500,212,20,20,1,,114.7415,291.99,"Default Category/All Products,Default Category/Home & Garden,Default Category/Home & Garden/Yard,Default Category/Home & Garden/Gardening Supplies,Default Category/Home & Garden/Artificial Grass,Default Category/Discount Centre,Default Category/Deals & Offers",,,"https://www.idropship.com.au/pub/media/catalog/product/S/G/SG1015-2x5m-NT_base.jpg,https://www.idropship.com.au/pub/media/catalog/product/S/G/SG1015-2x5m-NT_42.jpg,https://www.idropship.com.au/pub/media/catalog/product/S/G/SG1015-2x5m-NT_43.jpg,https://www.idropship.com.au/pub/media/catalog/product/S/G/SG1015-2x5m-NT_44.jpg,https://www.idropship.com.au/pub/media/catalog/product/S/G/SG1015-2x5m-NT_45.jpg,https://www.idropship.com.au/pub/media/catalog/product/S/G/SG1015-2x5m-NT_46.jpg,https://www.idropship.com.au/pub/media/catalog/product/S/G/SG1015-2x5m-NT_47.jpg,https://www.idropship.com.au/pub/media/catalog/product/S/G/SG1015-2x5m-NT_48.jpg",,,,,,9.36E+12,Garden / Agriculture,Artificial Grass,0,0,0,0,0,0,0,0,0,,,,,,,,,,Dog/Dog Feeding & Cleanup/Dog Clean Up & Odours,SG1015-FAKE,Fake Grass Artificial Lawn Flooring Outdoor Synthetic Turf Plant Lawn
,simple,SG1015-2x5m-RL,Fake Grass 10SQM Artifiical Lawn Flooring Outdoor Synthetic Turf Plant Lawn 35MM,Yes,Yes,visible,,"<b>DESCRIPTION</b>Want to decorate your garden? Our Artificial Grass would be your prime choice, suitable for both indoor and outdoor environment. It is an attractive and maintenance-free alternative to real grass. Made from a UV stabilised yarn, this turf is anti-colour fading and sun damage yet odourless and non-toxic. The polyethylene (PE) material features excellent properties, and the turf backing encourages quick drainage and holds fast to the ground, even without any taping. It looks incredibly natural and has perfectly manicured lawn appearance. Let our Artificial Grass brings convenience and ambience to your everyday life. No more weeding, watering, mowing or trimming! 
If you concern an extra secure hold to its ground, you can purchase our Joining Tape. There are 4 size options, made of non-woven fabric for robot use to keep firmly for years. Exceptional adhesion qualities, bond artificial grasses securely. Simply cut it to your desired size, lay it on the ground and press the turf smoothly and evenly.
<p><strong>Key Features:</strong></p>
<ul>
<li>Realistic turf</li>
<li>Maintenance free</li>
<li>Premium polyethylene</li>
<li>Wear and fade resistance</li>
<li>Odorless and non-toxic</li>
<li>Pet and kids friendly</li>
<li>Genuine and softer touch</li>
<li>Easy to cut and install</li>
</ul><b>SPECIFICATION</b><p>Material: PP and PE</p>
<p>Backing: Styrene-butadiene rubber</p>
<p>Pile height: 35mm</p>
<p>Tufted density (d/M2):15700D</p>
<p>Stitch rate (/10cm):15</p>
<p>Dimension:&nbsp; 2m x 5m (10SQM)</p>
<p>Colour: 4-colour</p><b>PACKAGE CONTENTS</b><ul>
<li>1x Artificial Grass</li>
</ul>",,,taxable,Taxable Goods,1,100,5,,1,17500,207,24,24,1,,121.491,291.99,"Default Category/All Products,Default Category/Home & Garden,Default Category/Home & Garden/Yard,Default Category/Home & Garden/Gardening Supplies,Default Category/Home & Garden/Artificial Grass,Default Category/Discount Centre,Default Category/Deals & Offers",,,"https://www.idropship.com.au/pub/media/catalog/product/S/G/SG1015-2x5m-RL_base.jpg,https://www.idropship.com.au/pub/media/catalog/product/S/G/SG1015-2x5m-RL_42.jpg,https://www.idropship.com.au/pub/media/catalog/product/S/G/SG1015-2x5m-RL_43.jpg,https://www.idropship.com.au/pub/media/catalog/product/S/G/SG1015-2x5m-RL_44.jpg,https://www.idropship.com.au/pub/media/catalog/product/S/G/SG1015-2x5m-RL_45.jpg,https://www.idropship.com.au/pub/media/catalog/product/S/G/SG1015-2x5m-RL_46.jpg,https://www.idropship.com.au/pub/media/catalog/product/S/G/SG1015-2x5m-RL_47.jpg,https://www.idropship.com.au/pub/media/catalog/product/S/G/SG1015-2x5m-RL_48.jpg",,,,,,9.36E+12,Garden / Agriculture,Artificial Grass,0,0,0,0,0,0,0,0,0,,,,,,,,,,Dog/Dog Feeding & Cleanup/Dog Clean Up & Odours,SG1015-FAKE,Fake Grass Artificial Lawn Flooring Outdoor Synthetic Turf Plant Lawn
,simple,SG1017-1x10m,Artificial Grass Synthetic Turf Fake Lawn Plastic Braches Pin Green Plant 30mm,Yes,Yes,visible,,"<b>DESCRIPTION</b><p>Cooling grass is a multi-coloured 30mm extremely soft to touch artificial grass blade made with cooling technology</p>
<p>This high weight landscaping solution is intertwined with natural thatch clours which provides you with a very real visual appeal.</p>
<p>Suitable for indoor and outdoor use.</p>
<ul>
<li>No watering, mowing or fertilising required</li>
<li>Up to 30℃ lower than traditional artificial grass surfaces</li>
<li>Child and pet friendly</li>
<li>UV stabilised, so that the colours will remain vibrant and the grass natural-looking</li>
<li>Water resistant and pre-punched for drainage, so you can use it after heavy rainfall without the risk of any mud!</li>
<li>Natural look, four-tone green pile</li>
<li>Total weight approximately&nbsp;1900g&nbsp;per sq metre</li>
<li>Available in roll widths of either&nbsp;1m&nbsp;or&nbsp;2m</li>
</ul><b>SPECIFICATION</b><ul>
<li>Material: Polyethylene</li>
<li>Pile Height: 30mm</li>
<li>Colour: Green</li>
</ul><b>PACKAGE CONTENTS</b><ul>
<li>1x 1x10M Summer Cool Grass</li>
</ul>",07/30/2020,,taxable,Taxable Goods,0,0,5,,1,18500,107,29,29,1,,131.39,399,"Default Category/All Products,Default Category/Home & Garden/Artificial Grass",,,"https://www.idropship.com.au/pub/media/catalog/product/S/G/SG1017-1x10m_base.jpg,https://www.idropship.com.au/pub/media/catalog/product/S/G/SG1017-1x10m_42.jpg,https://www.idropship.com.au/pub/media/catalog/product/S/G/SG1017-1x10m_43.jpg,https://www.idropship.com.au/pub/media/catalog/product/S/G/SG1017-1x10m_44.jpg,https://www.idropship.com.au/pub/media/catalog/product/S/G/SG1017-1x10m_45.jpg,https://www.idropship.com.au/pub/media/catalog/product/S/G/SG1017-1x10m_46.jpg,https://www.idropship.com.au/pub/media/catalog/product/S/G/SG1017-1x10m_47.jpg,https://www.idropship.com.au/pub/media/catalog/product/S/G/SG1017-1x10m_48.jpg",,,,,Unbranded,9.36E+12,Garden / Agriculture,Artificial Grass,0,0,0,0,0,0,0,0,0,,,,,,,,,,Dog/Dog Feeding & Cleanup/Dog Clean Up & Odours,,
,simple,SG1018-50,50PCS Synthetic Artificial Grass Turf Pins U Fastening Lawn Tent Pegs Weed Mat,Yes,Yes,visible,,"<b>DESCRIPTION</b><p>Make your synthetic grass stay firm and steady with our Grass Pins. There are numerous traditional ways to fix the synthetic grass on the ground, but these solutions have proven to be a temporary fix rather than a permanent fix. They might easily get affected due to environmental effects, for example using adhesive duct tape, it might fix the grass but with time the adhesive will wear out. Neutralize all these scenarios with our grass pins. Wondering how to use it? Simply align it with the synthetic grass and carefully punch it with a hammer or any pressure applying tool. Once punched down in the ground it perfectly disguises with the grass due to its natural green colour. No irregular surface, very soft to touch. Keeps your synthetic layer of grass firm and steady. Gives your green space a subtle look. Provides you peace of mind as displaced grass can cause a lot of trouble. A perfect addition to your precious green floor.</p>
<p>In terms of its quality, it is made from high tensile steel with powder coating. Highly durable and strong grass pins. It can easily withstand high pressure. Does not bend or deform due to accidental application of force. Built with unique U-shaped design makes the process of installing much easier and faster. It is not easily affected by environmental effects such as rusting due to its steel construction. It is a seamless integration of quality and appearance. &nbsp;&nbsp;</p>
<p>An elegant grass floor to maintain, the extraordinary performance it provides. A smart way, a green way.</p>
<p><strong>Key Features:</strong></p>
<ul>
<li>U-shape pin</li>
<li>Sturdy construction</li>
<li>High tensile steel</li>
<li>Powder coated finish</li>
<li>Corrosion resistant</li>
<li>Simple installation</li>
</ul><b>SPECIFICATION</b><p>Material: Steel<br />Finish: Powder coated<br />Dimension: 150mm x 30mm x 3mm<br />Colour: Green</p><b>PACKAGE CONTENTS</b><ul>
<li>50 Pcs x Turf Pins</li>
</ul>",,,taxable,Taxable Goods,1,100,5,,1,865,18,16,2.5,1,,13.6705,31.99,"Default Category/All Products,Default Category/Home & Garden,Default Category/Home & Garden/Yard,Default Category/Home & Garden/Artificial Grass,Default Category/Deals & Offers",,,"https://www.idropship.com.au/pub/media/catalog/product/S/G/SG1018-50_base.jpg,https://www.idropship.com.au/pub/media/catalog/product/S/G/SG1018-50_42.jpg,https://www.idropship.com.au/pub/media/catalog/product/S/G/SG1018-50_43.jpg,https://www.idropship.com.au/pub/media/catalog/product/S/G/SG1018-50_44.jpg,https://www.idropship.com.au/pub/media/catalog/product/S/G/SG1018-50_45.jpg,https://www.idropship.com.au/pub/media/catalog/product/S/G/SG1018-50_46.jpg,https://www.idropship.com.au/pub/media/catalog/product/S/G/SG1018-50_47.jpg",,,,,Unbranded,9.36E+12,Garden / Agriculture,Artificial Grass Nails,0,0,0,0,0,0,0,0,0,,,,,,,,,,Dog/Dog Feeding & Cleanup/Dog Clean Up & Odours,,
,simple,SG1019-2,2 x Artificial Hedge Grass Plant Hedge Fake Vertical Garden Green Wall Ivy Mat Fence,Yes,Yes,visible,,"<strong>DESCRIPTION</strong><p>Show off your creativity, design a captivating green space with our Artificial Hedge. Transform any wall or surface whether it may be indoor or outdoor into a breathtaking scenery, a uniquely beautiful look and feel you will fall in love with. Very easy and convenient to fit your preference simply cut it, reshape it, and install it. Unlike natural hedges, you will not have to deal with troubles such as trimming, watering, pesticides, and fertilizers. With its realistic appearance, it is also a treat for your senses as greenery promotes peace, harmony, and affection. Very soft and smooth to touch. &nbsp;</p>
<p>The artificial hedge is made from high-quality PP plastic. Exceptionally built to provide excellent UV-protection, can easily withstand any weather condition whether it may be winter or summer. The hedge is made from non-toxic material for safer usage. It effectively minimizes noise making your space more peaceful, more private. Natural hedges tend to attract uninvited guests such as pests or insects which may cause troubles of its own but with this exquisitely built artificial hedge, no such problem persists. It does not require any maintenance once installed.</p>
<p>Making your surroundings greener, healthier, and happier. Experience the nature, order one now! &nbsp;&nbsp;</p>
<p>&nbsp;&nbsp;&nbsp;&nbsp;&nbsp;</p>
<p><strong>Key Features:</strong></p>
<ul>
<li>UV resistant and weatherproof</li>
<li>Non-toxic and eco-friendly</li>
<li>Privacy and noise reduction</li>
<li>Bendable for flexibility</li>
<li>Easily cut to fit your own need &nbsp;</li>
<li>Hassle free installation</li>
<li>Trimming, watering and pesticides, fertilizers free</li>
<li>Optional 100 pcs cable ties can be purchased</li>
<li>Note: Bonus cable ties for artificial hedge x6 only</li>
</ul><strong>SPECIFICATION</strong><p>Material: PP plastic</p>
<p>Dimension: 60cm x 40cm x 4cm (L x W x H)</p>
<p>Colour: Green</p><strong>PACKAGE CONTENTS</strong><ul>
<li>2 x Artificial Hedge</li>
</ul>",,,taxable,Taxable Goods,0,0,5,,1,1900,60,48,8,1,,20.16,59.99,"Default Category/All Products,Default Category/Home & Garden/Artificial Grass",,,"https://www.idropship.com.au/pub/media/catalog/product/S/G/SG1019-2_base.jpg,https://www.idropship.com.au/pub/media/catalog/product/S/G/SG1019-2_42.jpg,https://www.idropship.com.au/pub/media/catalog/product/S/G/SG1019-2_43.jpg,https://www.idropship.com.au/pub/media/catalog/product/S/G/SG1019-2_44.jpg,https://www.idropship.com.au/pub/media/catalog/product/S/G/SG1019-2_45.jpg,https://www.idropship.com.au/pub/media/catalog/product/S/G/SG1019-2_46.jpg,https://www.idropship.com.au/pub/media/catalog/product/S/G/SG1019-2_47.jpg",,,,,Unbranded,9.36E+12,Garden / Agriculture,Artificial Grass,0,0,0,0,0,0,0,0,0,,,,,,,,,,Dog/Dog Feeding & Cleanup/Dog Clean Up & Odours,SG1019-MAIN,Artificial Hedge Grass Plant Hedge Fake Vertical Garden Green Wall Ivy Mat Fence
,simple,SG1019-4,4 x Artificial Hedge Grass Plant Hedge Fake Vertical Garden Green Wall Ivy Mat Fence,Yes,Yes,visible,,"<strong>DESCRIPTION</strong><p>Show off your creativity, design a captivating green space with our Artificial Hedge. Transform any wall or surface whether it may be indoor or outdoor into a breathtaking scenery, a uniquely beautiful look and feel you will fall in love with. Very easy and convenient to fit your preference simply cut it, reshape it, and install it. Unlike natural hedges, you will not have to deal with troubles such as trimming, watering, pesticides, and fertilizers. With its realistic appearance, it is also a treat for your senses as greenery promotes peace, harmony, and affection. Very soft and smooth to touch. &nbsp;</p>
<p>The artificial hedge is made from high-quality PP plastic. Exceptionally built to provide excellent UV-protection, can easily withstand any weather condition whether it may be winter or summer. The hedge is made from non-toxic material for safer usage. It effectively minimizes noise making your space more peaceful, more private. Natural hedges tend to attract uninvited guests such as pests or insects which may cause troubles of its own but with this exquisitely built artificial hedge, no such problem persists. It does not require any maintenance once installed.</p>
<p>Making your surroundings greener, healthier, and happier. Experience the nature, order one now! &nbsp;&nbsp;</p>
<p>&nbsp;&nbsp;&nbsp;&nbsp;&nbsp;</p>
<p><strong>Key Features:</strong></p>
<ul>
<li>UV resistant and weatherproof</li>
<li>Non-toxic and eco-friendly</li>
<li>Privacy and noise reduction</li>
<li>Bendable for flexibility</li>
<li>Easily cut to fit your own need &nbsp;</li>
<li>Hassle free installation</li>
<li>Trimming, watering and pesticides, fertilizers free</li>
<li>Optional 100 pcs cable ties can be purchased</li>
<li>Note: Bonus cable ties for artificial hedge x6 only</li>
</ul><strong>SPECIFICATION</strong><p>Material: PP plastic</p>
<p>Dimension: 60cm x 40cm x 4cm (L x W x H)</p>
<p>Colour: Green</p><strong>PACKAGE CONTENTS</strong><ul>
<li>4 x Artificial Hedge</li>
</ul>",,,taxable,Taxable Goods,0,0,5,,1,3700,60,42,12,1,,37.75,111.99,"Default Category/All Products,Default Category/Home & Garden/Artificial Grass",,,"https://www.idropship.com.au/pub/media/catalog/product/S/G/SG1019-4_base.jpg,https://www.idropship.com.au/pub/media/catalog/product/S/G/SG1019-4_42.jpg,https://www.idropship.com.au/pub/media/catalog/product/S/G/SG1019-4_43.jpg,https://www.idropship.com.au/pub/media/catalog/product/S/G/SG1019-4_44.jpg,https://www.idropship.com.au/pub/media/catalog/product/S/G/SG1019-4_45.jpg,https://www.idropship.com.au/pub/media/catalog/product/S/G/SG1019-4_46.jpg,https://www.idropship.com.au/pub/media/catalog/product/S/G/SG1019-4_47.jpg",,,,,Unbranded,9.36E+12,Garden / Agriculture,Artificial Grass,0,0,0,0,0,0,0,0,0,,,,,,,,,,Dog/Dog Feeding & Cleanup/Dog Clean Up & Odours,SG1019-MAIN,Artificial Hedge Grass Plant Hedge Fake Vertical Garden Green Wall Ivy Mat Fence
,simple,SG1019-6,6 x Artificial Hedge Grass Plant Hedge Fake Vertical Garden Green Wall Ivy Mat Fence,Yes,Yes,visible,,"<strong>DESCRIPTION</strong><p>Show off your creativity, design a captivating green space with our Artificial Hedge. Transform any wall or surface whether it may be indoor or outdoor into a breathtaking scenery, a uniquely beautiful look and feel you will fall in love with. Very easy and convenient to fit your preference simply cut it, reshape it, and install it. Unlike natural hedges, you will not have to deal with troubles such as trimming, watering, pesticides, and fertilizers. With its realistic appearance, it is also a treat for your senses as greenery promotes peace, harmony, and affection. Very soft and smooth to touch. &nbsp;</p>
<p>The artificial hedge is made from high-quality PP plastic. Exceptionally built to provide excellent UV-protection, can easily withstand any weather condition whether it may be winter or summer. The hedge is made from non-toxic material for safer usage. It effectively minimizes noise making your space more peaceful, more private. Natural hedges tend to attract uninvited guests such as pests or insects which may cause troubles of its own but with this exquisitely built artificial hedge, no such problem persists. It does not require any maintenance once installed.</p>
<p>Making your surroundings greener, healthier, and happier. Experience the nature, order one now! &nbsp;&nbsp;</p>
<p>&nbsp;&nbsp;&nbsp;&nbsp;&nbsp;</p>
<p><strong>Key Features:</strong></p>
<ul>
<li>UV resistant and weatherproof</li>
<li>Non-toxic and eco-friendly</li>
<li>Privacy and noise reduction</li>
<li>Bendable for flexibility</li>
<li>Easily cut to fit your own need &nbsp;</li>
<li>Hassle free installation</li>
<li>Trimming, watering and pesticides, fertilizers free</li>
<li>Optional 100 pcs cable ties can be purchased</li>
<li>Note: Bonus cable ties for artificial hedge x6 only</li>
</ul><strong>SPECIFICATION</strong><p>Material: PP plastic</p>
<p>Dimension: 60cm x 40cm x 4cm (L x W x H)</p>
<p>Colour: Green</p><strong>PACKAGE CONTENTS</strong><ul>
<li>6 x Artificial Hedge</li>
<li>100 PCS x Cable Ties</li>
</ul>",,,taxable,Taxable Goods,1,100,5,,1,5450,60,44,16,1,,68.3905,159.99,"Default Category/All Products,Default Category/Home & Garden/Artificial Grass,Default Category/Deals & Offers",,,"https://www.idropship.com.au/pub/media/catalog/product/S/G/SG1019-6_base.jpg,https://www.idropship.com.au/pub/media/catalog/product/S/G/SG1019-6_42.jpg,https://www.idropship.com.au/pub/media/catalog/product/S/G/SG1019-6_43.jpg,https://www.idropship.com.au/pub/media/catalog/product/S/G/SG1019-6_44.jpg,https://www.idropship.com.au/pub/media/catalog/product/S/G/SG1019-6_45.jpg,https://www.idropship.com.au/pub/media/catalog/product/S/G/SG1019-6_46.jpg,https://www.idropship.com.au/pub/media/catalog/product/S/G/SG1019-6_47.jpg",,,,,Unbranded,9.36E+12,Garden / Agriculture,Artificial Grass,0,0,0,0,0,0,0,0,0,,,,,,,,,,Dog/Dog Feeding & Cleanup/Dog Clean Up & Odours,SG1019-MAIN,Artificial Hedge Grass Plant Hedge Fake Vertical Garden Green Wall Ivy Mat Fence
,simple,SG1022-10-YL,10x Marlow Artificial Boxwood Hedge Fence Fake Vertical Garden Green Outdoor,Yes,Yes,visible,,<strong>DESCRIPTION</strong><p>Show off your creativity  design a captivating green space with our Artificial Hedge. Transform any wall or surface whether it may be indoor or outdoor into a breathtaking scenery  a uniquely beautiful look and feel you will fall in love with. Very easy and convenient to fit your preference simply cut it  reshape it  and install it. Unlike natural hedges  you will not have to deal with troubles such as trimming  watering  pesticides  and fertilizers. With its realistic appearance  it is also a treat for your senses as greenery promotes peace  harmony  and affection. Very soft and smooth to touch.</p>  <p>The artificial hedge is made from high-quality PP plastic. Exceptionally built to provide excellent UV-protection  can easily withstand any weather condition whether it may be winter or summer. The hedge is made from non-toxic material for safer usage. It effectively minimizes noise making your space more peaceful  more private. Natural hedges tend to attract uninvited guests such as pests or insects which may cause troubles of its own but with this exquisitely built artificial hedge  no such problem persists. It does not require any maintenance once installed.</p>  <p>Making your surroundings greener  healthier  and happier. Experience the nature  order one now!</p>  <p><strong>Key Features:</strong></p>  <ul>  <li>UV resistant and weatherproof</li>  <li>Non-toxic and eco-friendly</li>  <li>Privacy and noise reduction</li>  <li>Bendable for flexibility</li>  <li>Easily cut to fit your own need</li>  <li>Hassle free installation</li>  <li>Trimming  watering and pesticides  fertilizers free</li>  </ul><strong>SPECIFICATION</strong><p>Brand: Marlow</p>  <p>Material: PP plastic</p>  <p>Dimension: 60cm x 40cm x 4cm (L x W x H)</p>  <p>Colour: Green and yellow</p><strong>PACKAGE CONTENTS</strong><ul>  <li>10x Artificial Hedge</li>  <li>100Pcs x Bonus Cable Ties</li>  </ul>,,,taxable,Taxable Goods,0,0,5,,1,5700,62,42,24,1,,74.69,207.99,"Default Category/All Products,Default Category/Home & Garden,Default Category/Home & Garden/Yard,Default Category/Home & Garden/Gardening Supplies,Default Category/Home & Garden/Artificial Grass",,,"https://www.idropship.com.au/pub/media/catalog/product/i/d/idropship01_skpx7zmlbtccdzsq.jpg,https://www.idropship.com.au/pub/media/catalog/product/i/d/idropship02_ucryquejyqgz22vr.jpg,https://www.idropship.com.au/pub/media/catalog/product/i/d/idropship03_a31gtb5ciylpreve.jpg,https://www.idropship.com.au/pub/media/catalog/product/i/d/idropship04_tbr6djyave1ogznf.jpg,https://www.idropship.com.au/pub/media/catalog/product/i/d/idropship05_zpcdmaz4ftadjvsw.jpg,https://www.idropship.com.au/pub/media/catalog/product/i/d/idropship06_067ocjiomzbg2xdg.jpg,https://www.idropship.com.au/pub/media/catalog/product/l/i/lifestyle1_gifroxlpvs65xfed.jpg,https://www.idropship.com.au/pub/media/catalog/product/l/i/lifestyle_ofa0yjhqhay84oae.jpg",,,,,Marlow,9.36E+12,Garden / Agriculture,Artificial Grass,0,0,0,0,0,0,0,0,0,0,0,0,0,0,0,0,0,0,Dog/Dog Feeding & Cleanup/Dog Clean Up & Odours,,
